# DoFs =  1138
Start Deformation Loop
Global dimensionality : 2
# of batches : 4
WARNING: If using a solver that requires a Jacobian, Dirichlet BCs are being applied but multi-point constraints are NOT.
End of iteration -1 rel error 1.0, abs error 0.01522837611904083
End of iteration 0 rel error 1.6674127339762e-14, abs error 2.5391988258667744e-16
Time step = 1
|R| =  2.5391988258667744e-16
Cell ID =  0
e11 =  3.6473387226493916e-08
e22 =  7.495427512170601e-07
e12 =  8.478353290547902e-07
s11 =  0.014427032513456367
s22 =  0.021020551776773297
s12 =  0.0075966045483309205
Global dimensionality : 2
# of batches : 4
WARNING: If using a solver that requires a Jacobian, Dirichlet BCs are being applied but multi-point constraints are NOT.
End of iteration -1 rel error 1.0, abs error 0.015228376119040819
End of iteration 0 rel error 1.824918482024799e-14, abs error 2.779054503086267e-16
Time step = 2
|R| =  2.779054503086267e-16
Cell ID =  0
e11 =  7.294677445286092e-08
e22 =  1.4990855024346358e-06
e12 =  1.6956706581073697e-06
s11 =  0.02885406502688677
s22 =  0.042041103553559875
s12 =  0.015193209096642032
Global dimensionality : 2
# of batches : 4
WARNING: If using a solver that requires a Jacobian, Dirichlet BCs are being applied but multi-point constraints are NOT.
End of iteration -1 rel error 1.0, abs error 0.015228377394431161
End of iteration 0 rel error 2.1249647443962525e-14, abs error 3.235976507752708e-16
Time step = 3
|R| =  3.235976507752708e-16
Cell ID =  0
e11 =  1.0942016473223285e-07
e22 =  2.2486283164270056e-06
e12 =  2.5435060581666453e-06
s11 =  0.0432810987481982
s22 =  0.06306165709082122
s12 =  0.022789814281173142
Global dimensionality : 2
# of batches : 4
WARNING: If using a solver that requires a Jacobian, Dirichlet BCs are being applied but multi-point constraints are NOT.
End of iteration -1 rel error 1.0, abs error 0.015228374843650494
End of iteration 0 rel error 2.259396210532486e-14, abs error 3.4406932414312164e-16
Time step = 4
|R| =  3.4406932414312164e-16
Cell ID =  0
e11 =  1.4589354890501336e-07
e22 =  2.998171004869489e-06
e12 =  3.3913413162106956e-06
s11 =  0.05770813005360795
s22 =  0.08408220710712026
s12 =  0.030386418193247833
Global dimensionality : 2
# of batches : 4
WARNING: If using a solver that requires a Jacobian, Dirichlet BCs are being applied but multi-point constraints are NOT.
End of iteration -1 rel error 1.0, abs error 0.01522837484365049
End of iteration 0 rel error 2.6225762198126542e-14, abs error 3.9937573731351025e-16
Time step = 5
|R| =  3.9937573731351025e-16
Cell ID =  0
e11 =  1.8236693307665077e-07
e22 =  3.747713693312245e-06
e12 =  4.239176574255654e-06
s11 =  0.07213516135874992
s22 =  0.10510275712341799
s12 =  0.03798302210533066
Global dimensionality : 2
# of batches : 4
WARNING: If using a solver that requires a Jacobian, Dirichlet BCs are being applied but multi-point constraints are NOT.
End of iteration -1 rel error 1.0, abs error 0.015228379945211838
End of iteration 0 rel error 2.9910197066118444e-14, abs error 4.55483845159012e-16
Time step = 6
|R| =  4.55483845159012e-16
Cell ID =  0
e11 =  2.1884032946653643e-07
e22 =  4.497256632854423e-06
e12 =  5.0870121163297415e-06
s11 =  0.08656219749688851
s22 =  0.1261233141816699
s12 =  0.045579628562314484
Global dimensionality : 2
# of batches : 4
WARNING: If using a solver that requires a Jacobian, Dirichlet BCs are being applied but multi-point constraints are NOT.
End of iteration -1 rel error 1.0, abs error 0.015228374843650505
End of iteration 0 rel error 3.122675644172668e-14, abs error 4.755327522459919e-16
Time step = 7
|R| =  4.755327522459919e-16
Cell ID =  0
e11 =  2.5531371363686274e-07
e22 =  5.24679932129713e-06
e12 =  5.934847374374683e-06
s11 =  0.10098922880172054
s22 =  0.14714386419795608
s12 =  0.05317623247439716
Global dimensionality : 2
# of batches : 4
WARNING: If using a solver that requires a Jacobian, Dirichlet BCs are being applied but multi-point constraints are NOT.
End of iteration -1 rel error 1.0, abs error 0.015228374843650489
End of iteration 0 rel error 3.4595781286711485e-14, abs error 5.268375254429915e-16
Time step = 8
|R| =  5.268375254429915e-16
Cell ID =  0
e11 =  2.917870978107571e-07
e22 =  5.996342009739487e-06
e12 =  6.782682632417671e-06
s11 =  0.1154162601073923
s22 =  0.1681644142142603
s12 =  0.06077283638646233
Global dimensionality : 2
# of batches : 4
WARNING: If using a solver that requires a Jacobian, Dirichlet BCs are being applied but multi-point constraints are NOT.
End of iteration -1 rel error 1.0, abs error 0.015228374843650522
End of iteration 0 rel error 3.748942719038967e-14, abs error 5.709030499289979e-16
Time step = 9
|R| =  5.709030499289979e-16
Cell ID =  0
e11 =  3.2826048198386265e-07
e22 =  6.745884698182236e-06
e12 =  7.630517890461323e-06
s11 =  0.12984329141288084
s22 =  0.1891849642305692
s12 =  0.06836944029853345
Global dimensionality : 2
# of batches : 4
WARNING: If using a solver that requires a Jacobian, Dirichlet BCs are being applied but multi-point constraints are NOT.
End of iteration -1 rel error 1.0, abs error 0.015228374843650468
End of iteration 0 rel error 3.9132998675598354e-14, abs error 5.959319725880891e-16
Time step = 10
|R| =  5.959319725880891e-16
Cell ID =  0
e11 =  3.6473386615334166e-07
e22 =  7.495427386624798e-06
e12 =  8.47835314850982e-06
s11 =  0.1442703227175117
s22 =  0.21020551424684483
s12 =  0.07596604421064798
Global dimensionality : 2
# of batches : 4
WARNING: If using a solver that requires a Jacobian, Dirichlet BCs are being applied but multi-point constraints are NOT.
End of iteration -1 rel error 1.0, abs error 0.015228374843650453
End of iteration 0 rel error 4.3153210392093475e-14, abs error 6.571532635577115e-16
Time step = 11
|R| =  6.571532635577115e-16
Cell ID =  0
e11 =  4.0120725032029715e-07
e22 =  8.244970075067549e-06
e12 =  9.326188406553107e-06
s11 =  0.15869735402154822
s22 =  0.2312260642631061
s12 =  0.08356264812271583
Global dimensionality : 2
# of batches : 4
WARNING: If using a solver that requires a Jacobian, Dirichlet BCs are being applied but multi-point constraints are NOT.
End of iteration -1 rel error 1.0, abs error 0.015228385046773195
End of iteration 0 rel error 4.7739487400162434e-14, abs error 7.26995296065251e-16
Time step = 12
|R| =  7.26995296065251e-16
Cell ID =  0
e11 =  4.376806589348477e-07
e22 =  8.994513265709388e-06
e12 =  1.0174024232652575e-05
s11 =  0.1731243949942003
s22 =  0.2522466283633686
s12 =  0.09115925712456706
Global dimensionality : 2
# of batches : 4
WARNING: If using a solver that requires a Jacobian, Dirichlet BCs are being applied but multi-point constraints are NOT.
End of iteration -1 rel error 1.0, abs error 0.015228364640527804
End of iteration 0 rel error 5.578939158883163e-14, abs error 8.495811981879229e-16
Time step = 13
|R| =  8.495811981879229e-16
Cell ID =  0
e11 =  4.7415401866605537e-07
e22 =  9.744055451952695e-06
e12 =  1.1021858922646591e-05
s11 =  0.18755141663241567
s22 =  0.2732671642957107
s12 =  0.09875585594691344
Global dimensionality : 2
# of batches : 4
WARNING: If using a solver that requires a Jacobian, Dirichlet BCs are being applied but multi-point constraints are NOT.
End of iteration -1 rel error 1.0, abs error 0.014673088348152351
End of iteration 0 rel error 6.257812434370302e-14, abs error 9.182143471568177e-16
Time step = 14
|R| =  9.182143471568177e-16
Cell ID =  0
e11 =  5.11422522571221e-07
e22 =  1.0493727970839006e-05
e12 =  1.1863336789456212e-05
s11 =  0.2021671858251801
s22 =  0.29429747548405255
s12 =  0.10629549763352764
Global dimensionality : 2
# of batches : 4
WARNING: If using a solver that requires a Jacobian, Dirichlet BCs are being applied but multi-point constraints are NOT.
End of iteration -1 rel error 1.0, abs error 0.013813906065378453
End of iteration 0 rel error 6.368071053372668e-14, abs error 8.796793534894565e-16
Time step = 15
|R| =  8.796793534894565e-16
Cell ID =  0
e11 =  5.50239148049364e-07
e22 =  1.1243631580423655e-05
e12 =  1.269240289344056e-05
s11 =  0.21715026494064707
s22 =  0.31534619178296674
s12 =  0.1137239299252274
Global dimensionality : 2
# of batches : 4
WARNING: If using a solver that requires a Jacobian, Dirichlet BCs are being applied but multi-point constraints are NOT.
End of iteration -1 rel error 1.0, abs error 0.012243061718067856
End of iteration 0 rel error 7.264903067632724e-14, abs error 8.894465663280794e-16
Time step = 16
|R| =  8.894465663280794e-16
Cell ID =  0
e11 =  5.922820463139643e-07
e22 =  1.1994045020556092e-05
e12 =  1.3495586424919453e-05
s11 =  0.23289903405563708
s22 =  0.33643404548120737
s12 =  0.12092045436727827
Global dimensionality : 2
# of batches : 4
WARNING: If using a solver that requires a Jacobian, Dirichlet BCs are being applied but multi-point constraints are NOT.
End of iteration -1 rel error 1.0, abs error 0.011184141132379312
End of iteration 0 rel error 8.892650169370324e-14, abs error 9.94566545351145e-16
Time step = 17
|R| =  9.94566545351145e-16
Cell ID =  0
e11 =  6.373436925162836e-07
e22 =  1.2744928411154692e-05
e12 =  1.4274552435683881e-05
s11 =  0.24936418640369373
s22 =  0.35755832307874835
s12 =  0.12789998982372755
Global dimensionality : 2
# of batches : 4
WARNING: If using a solver that requires a Jacobian, Dirichlet BCs are being applied but multi-point constraints are NOT.
End of iteration -1 rel error 1.0, abs error 0.009721844991302955
End of iteration 0 rel error 1.0128776382688691e-13, abs error 9.847039394406971e-16
Time step = 18
|R| =  9.847039394406971e-16
Cell ID =  0
e11 =  6.875097316625943e-07
e22 =  1.3496590458905866e-05
e12 =  1.501245948802445e-05
s11 =  0.2670405452834271
s22 =  0.37874374761025803
s12 =  0.13451163701269905
Global dimensionality : 2
# of batches : 4
WARNING: If using a solver that requires a Jacobian, Dirichlet BCs are being applied but multi-point constraints are NOT.
End of iteration -1 rel error 1.0, abs error 0.008807351260784553
End of iteration 0 rel error 1.3330127960645647e-13, abs error 1.1740311930061188e-15
Time step = 19
|R| =  1.1740311930061188e-15
Cell ID =  0
e11 =  7.420486067485038e-07
e22 =  1.4248920975668981e-05
e12 =  1.5715203529215374e-05
s11 =  0.2857545325911259
s22 =  0.39998159451559373
s12 =  0.14080822362176973
Global dimensionality : 2
# of batches : 4
WARNING: If using a solver that requires a Jacobian, Dirichlet BCs are being applied but multi-point constraints are NOT.
End of iteration -1 rel error 1.0, abs error 0.007961400106245235
End of iteration 0 rel error 1.411607433686061e-13, abs error 1.123837157252477e-15
Time step = 20
|R| =  1.123837157252477e-15
Cell ID =  0
e11 =  8.018605089302797e-07
e22 =  1.5002033933173528e-05
e12 =  1.637544118721357e-05
s11 =  0.3057195709020719
s22 =  0.421282001430637
s12 =  0.14672395303743357
Global dimensionality : 2
# of batches : 4
WARNING: If using a solver that requires a Jacobian, Dirichlet BCs are being applied but multi-point constraints are NOT.
End of iteration -1 rel error 1.0, abs error 0.007306135692096182
End of iteration 0 rel error 1.6573766120303467e-13, abs error 1.2109018420400362e-15
Time step = 21
|R| =  1.2109018420400362e-15
Cell ID =  0
e11 =  8.669256274490025e-07
e22 =  1.5755920602497365e-05
e12 =  1.6993286163972806e-05
s11 =  0.326930915100714
s22 =  0.4426445731453942
s12 =  0.15225984402919632
Global dimensionality : 2
# of batches : 4
WARNING: If using a solver that requires a Jacobian, Dirichlet BCs are being applied but multi-point constraints are NOT.
End of iteration -1 rel error 1.0, abs error 0.006895836419406247
End of iteration 0 rel error 1.9275901900577303e-13, abs error 1.3292346634290307e-15
Time step = 22
|R| =  1.3292346634290307e-15
Cell ID =  0
e11 =  9.363489379223424e-07
e22 =  1.6510440276541597e-05
e12 =  1.75759575019466e-05
s11 =  0.34917615507138067
s22 =  0.4640584724256862
s12 =  0.15748057921744152
Global dimensionality : 2
# of batches : 4
WARNING: If using a solver that requires a Jacobian, Dirichlet BCs are being applied but multi-point constraints are NOT.
End of iteration -1 rel error 1.0, abs error 0.006557384433565627
End of iteration 0 rel error 2.101421667463379e-13, abs error 1.3779829730581885e-15
Time step = 23
|R| =  1.3779829730581885e-15
Cell ID =  0
e11 =  1.0103380786375235e-06
e22 =  1.7265579435994298e-05
e12 =  1.812166596934343e-05
s11 =  0.37250421004957956
s22 =  0.4855249362532643
s12 =  0.16237012708531712
Global dimensionality : 2
# of batches : 4
WARNING: If using a solver that requires a Jacobian, Dirichlet BCs are being applied but multi-point constraints are NOT.
End of iteration -1 rel error 1.0, abs error 0.006259775126360422
End of iteration 0 rel error 2.1339260713557371e-13, abs error 1.3357897342964658e-15
Time step = 24
|R| =  1.3357897342964658e-15
Cell ID =  0
e11 =  1.0890963012749038e-06
e22 =  1.802134827891576e-05
e12 =  1.862869696481379e-05
s11 =  0.39696314759541573
s22 =  0.5070458237625411
s12 =  0.16691312480473153
Global dimensionality : 2
# of batches : 4
WARNING: If using a solver that requires a Jacobian, Dirichlet BCs are being applied but multi-point constraints are NOT.
End of iteration -1 rel error 1.0, abs error 0.00608010502279702
End of iteration 0 rel error 2.4073385108507156e-13, abs error 1.4636870971396135e-15
Time step = 25
|R| =  1.4636870971396135e-15
Cell ID =  0
e11 =  1.1715993442953302e-06
e22 =  1.8777603894441706e-05
e12 =  1.9105364964582245e-05
s11 =  0.4223100271480528
s22 =  0.528609234025135
s12 =  0.1711840700826569
Global dimensionality : 2
# of batches : 4
WARNING: If using a solver that requires a Jacobian, Dirichlet BCs are being applied but multi-point constraints are NOT.
End of iteration -1 rel error 1.0, abs error 0.005872994745175756
End of iteration 0 rel error 2.665617215288615e-13, abs error 1.5655155898040066e-15
Time step = 26
|R| =  1.5655155898040066e-15
Cell ID =  0
e11 =  1.2582611903805394e-06
e22 =  1.953436528346812e-05
e12 =  1.9548165368858096e-05
s11 =  0.4486427388964214
s22 =  0.5502189047386706
s12 =  0.17515156170496854
Global dimensionality : 2
# of batches : 4
WARNING: If using a solver that requires a Jacobian, Dirichlet BCs are being applied but multi-point constraints are NOT.
End of iteration -1 rel error 1.0, abs error 0.005679254523387201
End of iteration 0 rel error 2.640708378890156e-13, abs error 1.49972550057584e-15
Time step = 27
|R| =  1.49972550057584e-15
Cell ID =  0
e11 =  1.3493475306404297e-06
e22 =  2.029167421346604e-05
e12 =  1.9954780978771825e-05
s11 =  0.47602433750936973
s22 =  0.5718780529207381
s12 =  0.17879483756979556
Global dimensionality : 2
# of batches : 4
WARNING: If using a solver that requires a Jacobian, Dirichlet BCs are being applied but multi-point constraints are NOT.
End of iteration -1 rel error 1.0, abs error 0.005562340749127602
End of iteration 0 rel error 2.762568685758936e-13, abs error 1.5366348373060816e-15
Time step = 28
|R| =  1.5366348373060816e-15
Cell ID =  0
e11 =  1.4438500284553834e-06
e22 =  2.1049391275512893e-05
e12 =  2.033352059931638e-05
s11 =  0.5042156695262923
s22 =  0.5935749980889613
s12 =  0.18218834456987476
Global dimensionality : 2
# of batches : 4
WARNING: If using a solver that requires a Jacobian, Dirichlet BCs are being applied but multi-point constraints are NOT.
End of iteration -1 rel error 1.0, abs error 0.005469586572950432
End of iteration 0 rel error 2.83663995720092e-13, abs error 1.551524782220084e-15
Time step = 29
|R| =  1.551524782220084e-15
Cell ID =  0
e11 =  1.5414446391944637e-06
e22 =  2.1807473597839412e-05
e12 =  2.0687013696384942e-05
s11 =  0.5331398942390667
s22 =  0.6153060399210234
s12 =  0.18535564271960908
Global dimensionality : 2
# of batches : 4
WARNING: If using a solver that requires a Jacobian, Dirichlet BCs are being applied but multi-point constraints are NOT.
End of iteration -1 rel error 1.0, abs error 0.0053975344014153825
End of iteration 0 rel error 2.978490909378495e-13, abs error 1.6076507147673413e-15
Time step = 30
|R| =  1.6076507147673413e-15
Cell ID =  0
e11 =  1.6417933552920627e-06
e22 =  2.2565876337955566e-05
e12 =  2.1018012486875392e-05
s11 =  0.5627168589512643
s22 =  0.6370673152354266
s12 =  0.18832139188240352
Global dimensionality : 2
# of batches : 4
WARNING: If using a solver that requires a Jacobian, Dirichlet BCs are being applied but multi-point constraints are NOT.
End of iteration -1 rel error 1.0, abs error 0.005294431660258426
End of iteration 0 rel error 3.206227140102604e-13, abs error 1.6975150480539053e-15
Time step = 31
|R| =  1.6975150480539053e-15
Cell ID =  0
e11 =  1.7455910168880985e-06
e22 =  2.3324691446992374e-05
e12 =  2.1320575178619447e-05
s11 =  0.5931113312889823
s22 =  0.658866759151765
s12 =  0.19103235360043025
Global dimensionality : 2
# of batches : 4
WARNING: If using a solver that requires a Jacobian, Dirichlet BCs are being applied but multi-point constraints are NOT.
End of iteration -1 rel error 1.0, abs error 0.005205764197722231
End of iteration 0 rel error 3.3855014003704375e-13, abs error 1.76241219813869e-15
Time step = 32
|R| =  1.76241219813869e-15
Cell ID =  0
e11 =  1.8526620285066866e-06
e22 =  2.4083870176108385e-05
e12 =  2.1596114503279025e-05
s11 =  0.6242814743120766
s22 =  0.6807016605314624
s12 =  0.19350118594938007
Global dimensionality : 2
# of batches : 4
WARNING: If using a solver that requires a Jacobian, Dirichlet BCs are being applied but multi-point constraints are NOT.
End of iteration -1 rel error 1.0, abs error 0.0051168514555633374
End of iteration 0 rel error 3.292089774361769e-13, abs error 1.6845134353788197e-15
Time step = 33
|R| =  1.6845134353788197e-15
Cell ID =  0
e11 =  1.963174316543739e-06
e22 =  2.4843437315009067e-05
e12 =  2.1843075146032396e-05
s11 =  0.656267128370297
s22 =  0.7025740081341392
s12 =  0.19571395330845026
Global dimensionality : 2
# of batches : 4
WARNING: If using a solver that requires a Jacobian, Dirichlet BCs are being applied but multi-point constraints are NOT.
End of iteration -1 rel error 1.0, abs error 0.005064960850535634
End of iteration 0 rel error 3.4894049011214045e-13, abs error 1.767369921584708e-15
Time step = 34
|R| =  1.767369921584708e-15
Cell ID =  0
e11 =  2.07628568495158e-06
e22 =  2.5603295210190063e-05
e12 =  2.2068566719453923e-05
s11 =  0.688868690346718
s22 =  0.7244745657707713
s12 =  0.19773435780630716
Global dimensionality : 2
# of batches : 4
WARNING: If using a solver that requires a Jacobian, Dirichlet BCs are being applied but multi-point constraints are NOT.
End of iteration -1 rel error 1.0, abs error 0.00500157053411785
End of iteration 0 rel error 3.2796149873896296e-13, abs error 1.6403225684179256e-15
Time step = 35
|R| =  1.6403225684179256e-15
Cell ID =  0
e11 =  2.1923895939336973e-06
e22 =  2.6363456276399335e-05
e12 =  2.2269180307038925e-05
s11 =  0.7221791539005996
s22 =  0.7464067296909428
s12 =  0.19953185555106878
Global dimensionality : 2
# of batches : 4
WARNING: If using a solver that requires a Jacobian, Dirichlet BCs are being applied but multi-point constraints are NOT.
End of iteration -1 rel error 1.0, abs error 0.004936120760475626
End of iteration 0 rel error 3.7554123513025264e-13, abs error 1.8537168871410985e-15
Time step = 36
|R| =  1.8537168871410985e-15
Cell ID =  0
e11 =  2.31410649508745e-06
e22 =  2.712424351305972e-05
e12 =  2.2423483271346916e-05
s11 =  0.7568197229392615
s22 =  0.7683997678127179
s12 =  0.20091441011126837
Global dimensionality : 2
# of batches : 4
WARNING: If using a solver that requires a Jacobian, Dirichlet BCs are being applied but multi-point constraints are NOT.
End of iteration -1 rel error 1.0, abs error 0.004904874627974441
End of iteration 0 rel error 4.1678183981601753e-13, abs error 2.044262671514092e-15
Time step = 37
|R| =  2.044262671514092e-15
Cell ID =  0
e11 =  2.4400337410836935e-06
e22 =  2.7885514184235196e-05
e12 =  2.2543201264400847e-05
s11 =  0.7924581200451125
s22 =  0.7904388482351551
s12 =  0.2019870833290316
Global dimensionality : 2
# of batches : 4
WARNING: If using a solver that requires a Jacobian, Dirichlet BCs are being applied but multi-point constraints are NOT.
End of iteration -1 rel error 1.0, abs error 0.005009829670623577
End of iteration 0 rel error 4.2631395737253775e-13, abs error 2.1357603126458945e-15
Time step = 38
|R| =  2.1357603126458945e-15
Cell ID =  0
e11 =  2.588032104103434e-06
e22 =  2.8649854657415487e-05
e12 =  2.248457455727285e-05
s11 =  0.8333314033184063
s22 =  0.8127341056725916
s12 =  0.20146178803316472
Global dimensionality : 2
# of batches : 4
WARNING: If using a solver that requires a Jacobian, Dirichlet BCs are being applied but multi-point constraints are NOT.
End of iteration -1 rel error 1.0, abs error 0.0052297644135627566
End of iteration 0 rel error 3.8058984052852275e-13, abs error 1.9903952041595928e-15
Time step = 39
|R| =  1.9903952041595928e-15
Cell ID =  0
e11 =  2.7499064552268832e-06
e22 =  2.9416050683537727e-05
e12 =  2.231355342096513e-05
s11 =  0.877495252946266
s22 =  0.8351883613488628
s12 =  0.19992943865184756
Global dimensionality : 2
# of batches : 4
WARNING: If using a solver that requires a Jacobian, Dirichlet BCs are being applied but multi-point constraints are NOT.
End of iteration -1 rel error 1.0, abs error 0.005419500552119119
End of iteration 0 rel error 3.8656255458891756e-13, abs error 2.094975978023216e-15
Time step = 40
|R| =  2.094975978023216e-15
Cell ID =  0
e11 =  2.9225705736756084e-06
e22 =  3.0183572643909547e-05
e12 =  2.2054650176614807e-05
s11 =  0.9242168921682838
s22 =  0.8577630170198002
s12 =  0.19760966558246867
Global dimensionality : 2
# of batches : 4
WARNING: If using a solver that requires a Jacobian, Dirichlet BCs are being applied but multi-point constraints are NOT.
End of iteration -1 rel error 1.0, abs error 0.005486656659282937
End of iteration 0 rel error 3.844671079581159e-13, abs error 2.1094390181536486e-15
Time step = 41
|R| =  2.1094390181536486e-15
Cell ID =  0
e11 =  3.1004224582261505e-06
e22 =  3.09516692346048e-05
e12 =  2.175328420673015e-05
s11 =  0.9721678396179797
s22 =  0.8803938216983989
s12 =  0.19490942649230217
Global dimensionality : 2
# of batches : 4
WARNING: If using a solver that requires a Jacobian, Dirichlet BCs are being applied but multi-point constraints are NOT.
End of iteration -1 rel error 1.0, abs error 0.005440395914249793
End of iteration 0 rel error 4.307371784521138e-13, abs error 2.343380785766364e-15
Time step = 42
|R| =  2.343380785766364e-15
Cell ID =  0
e11 =  3.2799925934100042e-06
e22 =  3.1719846163311e-05
e12 =  2.14374360796123e-05
s11 =  1.0205250954020384
s22 =  0.9030401806143513
s12 =  0.19207942727332622
Global dimensionality : 2
# of batches : 4
WARNING: If using a solver that requires a Jacobian, Dirichlet BCs are being applied but multi-point constraints are NOT.
End of iteration -1 rel error 1.0, abs error 0.005753947146844187
End of iteration 0 rel error 4.782818601917032e-13, abs error 2.7520085448373812e-15
Time step = 43
|R| =  2.7520085448373812e-15
Cell ID =  0
e11 =  3.4809583843021888e-06
e22 =  3.2490817476122346e-05
e12 =  2.0948127244044786e-05
s11 =  1.0739556216576407
s22 =  0.9259298558156094
s12 =  0.1876952201066413
Global dimensionality : 2
# of batches : 4
WARNING: If using a solver that requires a Jacobian, Dirichlet BCs are being applied but multi-point constraints are NOT.
End of iteration -1 rel error 1.0, abs error 0.005940946135906388
End of iteration 0 rel error 3.915554798864492e-13, abs error 2.3262100152243717e-15
Time step = 44
|R| =  2.3262100152243717e-15
Cell ID =  0
e11 =  3.6920816729881687e-06
e22 =  3.32629885676762e-05
e12 =  2.0376111788270097e-05
s11 =  1.1297936776374706
s22 =  0.9489315350327513
s12 =  0.1825699616229001
Global dimensionality : 2
# of batches : 4
WARNING: If using a solver that requires a Jacobian, Dirichlet BCs are being applied but multi-point constraints are NOT.
End of iteration -1 rel error 1.0, abs error 0.00599460866779957
End of iteration 0 rel error 4.2044279262358546e-13, abs error 2.5203900089752025e-15
Time step = 45
|R| =  2.5203900089752025e-15
Cell ID =  0
e11 =  3.907639805664945e-06
e22 =  3.40355690306518e-05
e12 =  1.9767656706100526e-05
s11 =  1.1866819920826064
s22 =  0.9719789492901768
s12 =  0.17711820408666074
Global dimensionality : 2
# of batches : 4
WARNING: If using a solver that requires a Jacobian, Dirichlet BCs are being applied but multi-point constraints are NOT.
End of iteration -1 rel error 1.0, abs error 0.005905525750046858
End of iteration 0 rel error 5.715439561913965e-13, abs error 3.3752675505719452e-15
Time step = 46
|R| =  3.3752675505719452e-15
Cell ID =  0
e11 =  4.122693839313095e-06
e22 =  3.480789843294582e-05
e12 =  1.9162728729937332e-05
s11 =  1.243449339051863
s22 =  0.9950155062702426
s12 =  0.17169804942023853
Global dimensionality : 2
# of batches : 4
WARNING: If using a solver that requires a Jacobian, Dirichlet BCs are being applied but multi-point constraints are NOT.
End of iteration -1 rel error 1.0, abs error 0.005745474394664645
End of iteration 0 rel error 5.120904426851721e-13, abs error 2.9422025262001394e-15
Time step = 47
|R| =  2.9422025262001394e-15
Cell ID =  0
e11 =  4.3346642895204904e-06
e22 =  3.557965030564309e-05
e12 =  1.858223547889511e-05
s11 =  1.2994841602152096
s22 =  1.0180121599200076
s12 =  0.16649682989090023
Global dimensionality : 2
# of batches : 4
WARNING: If using a solver that requires a Jacobian, Dirichlet BCs are being applied but multi-point constraints are NOT.
End of iteration -1 rel error 1.0, abs error 0.006071385073631163
End of iteration 0 rel error 4.925802989108728e-13, abs error 2.9906446743722497e-15
Time step = 48
|R| =  2.9906446743722497e-15
Cell ID =  0
e11 =  4.5637844291183445e-06
e22 =  3.635284094317969e-05
e12 =  1.7860965628261808e-05
s11 =  1.3595792463374206
s22 =  1.0411816804822127
s12 =  0.16003425202922583
Global dimensionality : 2
# of batches : 4
WARNING: If using a solver that requires a Jacobian, Dirichlet BCs are being applied but multi-point constraints are NOT.
End of iteration -1 rel error 1.0, abs error 0.006198775391763876
End of iteration 0 rel error 4.4973357327728913e-13, abs error 2.7877974068812957e-15
Time step = 49
|R| =  2.7877974068812957e-15
Cell ID =  0
e11 =  4.799486282464821e-06
e22 =  3.712652862064273e-05
e12 =  1.708551274591981e-05
s11 =  1.4212321546156874
s22 =  1.0644160186961766
s12 =  0.15308619420344152
Global dimensionality : 2
# of batches : 4
WARNING: If using a solver that requires a Jacobian, Dirichlet BCs are being applied but multi-point constraints are NOT.
End of iteration -1 rel error 1.0, abs error 0.006185119661999464
End of iteration 0 rel error 4.988596740720463e-13, abs error 3.085506778681658e-15
Time step = 50
|R| =  3.085506778681658e-15
Cell ID =  0
e11 =  5.036994709034676e-06
e22 =  3.790011834711574e-05
e12 =  1.629464404568731e-05
s11 =  1.4833108411968134
s22 =  1.0876616637099827
s12 =  0.14600001064935833
Global dimensionality : 2
# of batches : 4
WARNING: If using a solver that requires a Jacobian, Dirichlet BCs are being applied but multi-point constraints are NOT.
End of iteration -1 rel error 1.0, abs error 0.00605324676614042
End of iteration 0 rel error 5.308999556469084e-13, abs error 3.2136684396637404e-15
Time step = 51
|R| =  3.2136684396637404e-15
Cell ID =  0
e11 =  5.272454361519096e-06
e22 =  3.8673151974823805e-05
e12 =  1.551969069044589e-05
s11 =  1.5449014903724008
s22 =  1.1108760271779219
s12 =  0.13905642858639522
Global dimensionality : 2
# of batches : 4
WARNING: If using a solver that requires a Jacobian, Dirichlet BCs are being applied but multi-point constraints are NOT.
End of iteration -1 rel error 1.0, abs error 0.005855827828043955
End of iteration 0 rel error 5.367774186847481e-13, abs error 3.143276145799749e-15
Time step = 52
|R| =  3.143276145799749e-15
Cell ID =  0
e11 =  5.503401285981024e-06
e22 =  3.944535764779374e-05
e12 =  1.4780711453150208e-05
s11 =  1.6054202446931785
s22 =  1.1340324703962545
s12 =  0.13243517462022592
Global dimensionality : 2
# of batches : 4
WARNING: If using a solver that requires a Jacobian, Dirichlet BCs are being applied but multi-point constraints are NOT.
End of iteration -1 rel error 1.0, abs error 0.005630452390318863
End of iteration 0 rel error 4.840088590267162e-13, abs error 2.7251888372424797e-15
Time step = 53
|R| =  2.7251888372424797e-15
Cell ID =  0
e11 =  5.728734331757058e-06
e22 =  4.021643558286134e-05
e12 =  1.4086620588952013e-05
s11 =  1.6646047926682823
s22 =  1.1571141556924838
s12 =  0.12621612047701009
Global dimensionality : 2
# of batches : 4
WARNING: If using a solver that requires a Jacobian, Dirichlet BCs are being applied but multi-point constraints are NOT.
End of iteration -1 rel error 1.0, abs error 0.005419168386250313
End of iteration 0 rel error 5.515428424326831e-13, abs error 2.988903535373834e-15
Time step = 54
|R| =  2.988903535373834e-15
Cell ID =  0
e11 =  5.947770133009759e-06
e22 =  4.0986510616005265e-05
e12 =  1.3443116573173884e-05
s11 =  1.7222947577983314
s22 =  1.1801192348120086
s12 =  0.12045032449563806
Global dimensionality : 2
# of batches : 4
WARNING: If using a solver that requires a Jacobian, Dirichlet BCs are being applied but multi-point constraints are NOT.
End of iteration -1 rel error 1.0, abs error 0.005215047699443538
End of iteration 0 rel error 6.114779731169924e-13, abs error 3.188886796964169e-15
Time step = 55
|R| =  3.188886796964169e-15
Cell ID =  0
e11 =  6.161798811076873e-06
e22 =  4.175460047324043e-05
e12 =  1.2839321785805362e-05
s11 =  1.7787871210140875
s22 =  1.2030305409966395
s12 =  0.1150403232008161
Global dimensionality : 2
# of batches : 4
WARNING: If using a solver that requires a Jacobian, Dirichlet BCs are being applied but multi-point constraints are NOT.
End of iteration -1 rel error 1.0, abs error 0.00512844663711208
End of iteration 0 rel error 6.451621982209635e-13, abs error 3.3086799058581375e-15
Time step = 56
|R| =  3.3086799058581375e-15
Cell ID =  0
e11 =  6.378702063539143e-06
e22 =  4.25215976076248e-05
e12 =  1.2211053408000118e-05
s11 =  1.8359497031438736
s22 =  1.2259339180631914
s12 =  0.10941103853568111
Global dimensionality : 2
# of batches : 4
WARNING: If using a solver that requires a Jacobian, Dirichlet BCs are being applied but multi-point constraints are NOT.
End of iteration -1 rel error 1.0, abs error 0.005057672365757289
End of iteration 0 rel error 6.757073084030099e-13, abs error 3.417506181050141e-15
Time step = 57
|R| =  3.417506181050141e-15
Cell ID =  0
e11 =  6.595592384770684e-06
e22 =  4.328799171851335e-05
e12 =  1.1582186869808363e-05
s11 =  1.8931045534377229
s22 =  1.2488205109774904
s12 =  0.10377639435348299
Global dimensionality : 2
# of batches : 4
WARNING: If using a solver that requires a Jacobian, Dirichlet BCs are being applied but multi-point constraints are NOT.
End of iteration -1 rel error 1.0, abs error 0.0049938593592780715
End of iteration 0 rel error 6.25406293512238e-13, abs error 3.1231910722074986e-15
Time step = 58
|R| =  3.1231910722074986e-15
Cell ID =  0
e11 =  6.811523497344105e-06
e22 =  4.405367866387806e-05
e12 =  1.0960489025365602e-05
s11 =  1.950027444456373
s22 =  1.2716800964882642
s12 =  0.09820598166727584
Global dimensionality : 2
# of batches : 4
WARNING: If using a solver that requires a Jacobian, Dirichlet BCs are being applied but multi-point constraints are NOT.
End of iteration -1 rel error 1.0, abs error 0.00504143594020314
End of iteration 0 rel error 6.123863352485314e-13, abs error 3.087306479811235e-15
Time step = 59
|R| =  3.087306479811235e-15
Cell ID =  0
e11 =  7.0320421921862536e-06
e22 =  4.481923083510579e-05
e12 =  1.0300710825536974e-05
s11 =  2.0080324340782423
s22 =  1.2945715472534391
s12 =  0.09229436899681134
Global dimensionality : 2
# of batches : 4
WARNING: If using a solver that requires a Jacobian, Dirichlet BCs are being applied but multi-point constraints are NOT.
End of iteration -1 rel error 1.0, abs error 0.005068643302436359
End of iteration 0 rel error 5.970003774006359e-13, abs error 3.025981964463712e-15
Time step = 60
|R| =  3.025981964463712e-15
Cell ID =  0
e11 =  7.254478939952097e-06
e22 =  4.5584379124032226e-05
e12 =  9.624690296810667e-06
s11 =  2.0664871490978602
s22 =  1.3174667055783023
s12 =  0.08623722505942363
Global dimensionality : 2
# of batches : 4
WARNING: If using a solver that requires a Jacobian, Dirichlet BCs are being applied but multi-point constraints are NOT.
End of iteration -1 rel error 1.0, abs error 0.005070392166901445
End of iteration 0 rel error 7.794179996318902e-13, abs error 3.951954920075529e-15
Time step = 61
|R| =  3.951954920075529e-15
Cell ID =  0
e11 =  7.477147908079128e-06
e22 =  4.6348973791881926e-05
e12 =  8.946244581199605e-06
s11 =  2.124992396735941
s22 =  1.3403483486426262
s12 =  0.08015835144754851
Global dimensionality : 2
# of batches : 4
WARNING: If using a solver that requires a Jacobian, Dirichlet BCs are being applied but multi-point constraints are NOT.
End of iteration -1 rel error 1.0, abs error 0.005045476714250512
End of iteration 0 rel error 6.404051516951876e-13, abs error 3.2311492805641363e-15
Time step = 62
|R| =  3.2311492805641363e-15
Cell ID =  0
e11 =  7.698732269394764e-06
e22 =  4.711290046522961e-05
e12 =  8.276160168909589e-06
s11 =  2.1832363820737717
s22 =  1.3632030951094298
s12 =  0.07415439511342997
Global dimensionality : 2
# of batches : 4
WARNING: If using a solver that requires a Jacobian, Dirichlet BCs are being applied but multi-point constraints are NOT.
End of iteration -1 rel error 1.0, abs error 0.00500024333193506
End of iteration 0 rel error 6.216096704214798e-13, abs error 3.1081996095913546e-15
Time step = 63
|R| =  3.1081996095913546e-15
Cell ID =  0
e11 =  7.918304528433367e-06
e22 =  4.787610239364872e-05
e12 =  7.6220619036023775e-06
s11 =  2.240999679860259
s22 =  1.386022178633688
s12 =  0.06829367465627736
Global dimensionality : 2
# of batches : 4
WARNING: If using a solver that requires a Jacobian, Dirichlet BCs are being applied but multi-point constraints are NOT.
End of iteration -1 rel error 1.0, abs error 0.00494273151497588
End of iteration 0 rel error 6.329389777202283e-13, abs error 3.128447432234389e-15
Time step = 64
|R| =  3.128447432234389e-15
Cell ID =  0
e11 =  8.135541463514258e-06
e22 =  4.8638498375884965e-05
e12 =  6.9866371886261665e-06
s11 =  2.298205346298666
s22 =  1.4088008448181795
s12 =  0.06260026921009051
Global dimensionality : 2
# of batches : 4
WARNING: If using a solver that requires a Jacobian, Dirichlet BCs are being applied but multi-point constraints are NOT.
End of iteration -1 rel error 1.0, abs error 0.004880292432624267
End of iteration 0 rel error 6.815170291009849e-13, abs error 3.3260023998261086e-15
Time step = 65
|R| =  3.3260023998261086e-15
Cell ID =  0
e11 =  8.349890759860545e-06
e22 =  4.940013883043369e-05
e12 =  6.374432922652307e-06
s11 =  2.3547233691163654
s22 =  1.4315362032998338
s12 =  0.05711491898696473
Global dimensionality : 2
# of batches : 4
WARNING: If using a solver that requires a Jacobian, Dirichlet BCs are being applied but multi-point constraints are NOT.
End of iteration -1 rel error 1.0, abs error 0.004818452285631038
End of iteration 0 rel error 8.247804671146527e-13, abs error 3.974165326912434e-15
Time step = 66
|R| =  3.974165326912434e-15
Cell ID =  0
e11 =  8.561795773436346e-06
e22 =  5.016109204498353e-05
e12 =  5.7818505110488e-06
s11 =  2.410658956042829
s22 =  1.4542335832924163
s12 =  0.05180538057899731
Global dimensionality : 2
# of batches : 4
WARNING: If using a solver that requires a Jacobian, Dirichlet BCs are being applied but multi-point constraints are NOT.
End of iteration -1 rel error 1.0, abs error 0.0047988509287714785
End of iteration 0 rel error 7.485382194417038e-13, abs error 3.592123329588769e-15
Time step = 67
|R| =  3.592123329588769e-15
Cell ID =  0
e11 =  8.782206247394077e-06
e22 =  5.092226457934474e-05
e12 =  5.119207319126184e-06
s11 =  2.4686044136926455
s22 =  1.4770030231957467
s12 =  0.04586809757937067
Global dimensionality : 2
# of batches : 4
WARNING: If using a solver that requires a Jacobian, Dirichlet BCs are being applied but multi-point constraints are NOT.
End of iteration -1 rel error 1.0, abs error 0.004817445835488831
End of iteration 0 rel error 7.631718981715962e-13, abs error 3.676539282608862e-15
Time step = 68
|R| =  3.676539282608862e-15
Cell ID =  0
e11 =  9.007943843319885e-06
e22 =  5.168341953887635e-05
e12 =  4.412584077276912e-06
s11 =  2.5278074871898126
s22 =  1.4998133088272079
s12 =  0.03953675333240119
Global dimensionality : 2
# of batches : 4
WARNING: If using a solver that requires a Jacobian, Dirichlet BCs are being applied but multi-point constraints are NOT.
End of iteration -1 rel error 1.0, abs error 0.004847386426111791
End of iteration 0 rel error 6.971803009118956e-13, abs error 3.3795023271928568e-15
Time step = 69
|R| =  3.3795023271928568e-15
Cell ID =  0
e11 =  9.2375081374304e-06
e22 =  5.244434618912143e-05
e12 =  3.674196648778972e-06
s11 =  2.5879122861668873
s22 =  1.5226469683480466
s12 =  0.03292080197305965
Global dimensionality : 2
# of batches : 4
WARNING: If using a solver that requires a Jacobian, Dirichlet BCs are being applied but multi-point constraints are NOT.
End of iteration -1 rel error 1.0, abs error 0.004709545750569049
End of iteration 0 rel error 7.35581109837592e-13, abs error 3.464252890034496e-15
Time step = 70
|R| =  3.464252890034496e-15
Cell ID =  0
e11 =  9.469458182934082e-06
e22 =  5.32032341082198e-05
e12 =  2.9093723713172345e-06
s11 =  2.648564551359651
s22 =  1.5454427329150053
s12 =  0.026067976447002483
Global dimensionality : 2
# of batches : 4
WARNING: If using a solver that requires a Jacobian, Dirichlet BCs are being applied but multi-point constraints are NOT.
End of iteration -1 rel error 1.0, abs error 0.004699904129040559
End of iteration 0 rel error 7.089699101531864e-13, abs error 3.332090608094475e-15
Time step = 71
|R| =  3.332090608094475e-15
Cell ID =  0
e11 =  9.70197402974456e-06
e22 =  5.396154123796232e-05
e12 =  2.138804941357274e-06
s11 =  2.709345898011026
s22 =  1.5682268187393091
s12 =  0.019163692274561238
Global dimensionality : 2
# of batches : 4
WARNING: If using a solver that requires a Jacobian, Dirichlet BCs are being applied but multi-point constraints are NOT.
End of iteration -1 rel error 1.0, abs error 0.004673359185208697
End of iteration 0 rel error 7.645469987335401e-13, abs error 3.573002739055131e-15
Time step = 72
|R| =  3.573002739055131e-15
Cell ID =  0
e11 =  9.933897348332388e-06
e22 =  5.4719192578609935e-05
e12 =  1.371967849269571e-06
s11 =  2.769982258544307
s22 =  1.5909881635822585
s12 =  0.01229283192945542
Global dimensionality : 2
# of batches : 4
WARNING: If using a solver that requires a Jacobian, Dirichlet BCs are being applied but multi-point constraints are NOT.
End of iteration -1 rel error 1.0, abs error 0.004632856661949555
End of iteration 0 rel error 7.906279802819499e-13, abs error 3.662866105572953e-15
Time step = 73
|R| =  3.662866105572953e-15
Cell ID =  0
e11 =  1.0164332303433249e-05
e22 =  5.547613676576742e-05
e12 =  6.161889591348201e-07
s11 =  2.8302617245821664
s22 =  1.6137183957584476
s12 =  0.005521053073848051
Global dimensionality : 2
# of batches : 4
WARNING: If using a solver that requires a Jacobian, Dirichlet BCs are being applied but multi-point constraints are NOT.
End of iteration -1 rel error 1.0, abs error 0.0045829162158805324
End of iteration 0 rel error 7.672647502327253e-13, abs error 3.5163100657150836e-15
Time step = 74
|R| =  3.5163100657150836e-15
Cell ID =  0
e11 =  1.0392686327687474e-05
e22 =  5.6232369276322255e-05
e12 =  -1.2386038128557033e-07
s11 =  2.8900443537959317
s22 =  1.6364127925270633
s12 =  -0.0011097890163186477
Global dimensionality : 2
# of batches : 4
WARNING: If using a solver that requires a Jacobian, Dirichlet BCs are being applied but multi-point constraints are NOT.
End of iteration -1 rel error 1.0, abs error 0.004528311612300669
End of iteration 0 rel error 8.12506540950517e-13, abs error 3.679282804456475e-15
Time step = 75
|R| =  3.679282804456475e-15
Cell ID =  0
e11 =  1.0618511505538858e-05
e22 =  5.6987916265999714e-05
e12 =  -8.447866048093451e-07
s11 =  2.9492245946861444
s22 =  1.6590686022587962
s12 =  -0.00756928797909167
Global dimensionality : 2
# of batches : 4
WARNING: If using a solver that requires a Jacobian, Dirichlet BCs are being applied but multi-point constraints are NOT.
End of iteration -1 rel error 1.0, abs error 0.004472924734368813
End of iteration 0 rel error 8.250559473089314e-13, abs error 3.690413153956211e-15
Time step = 76
|R| =  3.690413153956211e-15
Cell ID =  0
e11 =  1.0841548436382808e-05
e22 =  5.774273549683456e-05
e12 =  -1.5440081709165233e-06
s11 =  3.0077408741438907
s22 =  1.6816826437255659
s12 =  -0.013834313211411986
Global dimensionality : 2
# of batches : 4
WARNING: If using a solver that requires a Jacobian, Dirichlet BCs are being applied but multi-point constraints are NOT.
End of iteration -1 rel error 1.0, abs error 0.004418811091952054
End of iteration 0 rel error 8.997361070412224e-13, abs error 3.975763889623514e-15
Time step = 77
|R| =  3.975763889623514e-15
Cell ID =  0
e11 =  1.1061963943683143e-05
e22 =  5.8496865945360255e-05
e12 =  -2.222880126639097e-06
s11 =  3.0656328821852643
s22 =  1.7042572896358632
s12 =  -0.019917005934686247
Global dimensionality : 2
# of batches : 4
WARNING: If using a solver that requires a Jacobian, Dirichlet BCs are being applied but multi-point constraints are NOT.
End of iteration -1 rel error 1.0, abs error 0.004368522762531911
End of iteration 0 rel error 8.008398568099882e-13, abs error 3.49848714361723e-15
Time step = 78
|R| =  3.49848714361723e-15
Cell ID =  0
e11 =  1.1283797406345354e-05
e22 =  5.925061371861282e-05
e12 =  -2.914728958534722e-06
s11 =  3.1238567053742745
s22 =  1.7268323496924491
s12 =  -0.02611597146847105
Global dimensionality : 2
# of batches : 4
WARNING: If using a solver that requires a Jacobian, Dirichlet BCs are being applied but multi-point constraints are NOT.
End of iteration -1 rel error 1.0, abs error 0.004335708625664753
End of iteration 0 rel error 8.534855298893015e-13, abs error 3.700464573821097e-15
Time step = 79
|R| =  3.700464573821097e-15
Cell ID =  0
e11 =  1.1505998976583681e-05
e22 =  6.0003921991939096e-05
e12 =  -3.610846792802681e-06
s11 =  3.182164030071413
s22 =  1.7493981061918784
s12 =  -0.03235318726351196
Global dimensionality : 2
# of batches : 4
WARNING: If using a solver that requires a Jacobian, Dirichlet BCs are being applied but multi-point constraints are NOT.
End of iteration -1 rel error 1.0, abs error 0.004312002227219197
End of iteration 0 rel error 9.38023458785744e-13, abs error 4.044759243467983e-15
Time step = 80
|R| =  4.044759243467983e-15
Cell ID =  0
e11 =  1.1727860623681163e-05
e22 =  6.0756838097070326e-05
e12 =  -4.306500018143056e-06
s11 =  3.2403880549741717
s22 =  1.7719503752039274
s12 =  -0.03858624016256172
Global dimensionality : 2
# of batches : 4
WARNING: If using a solver that requires a Jacobian, Dirichlet BCs are being applied but multi-point constraints are NOT.
End of iteration -1 rel error 1.0, abs error 0.004292383962681931
End of iteration 0 rel error 1.0583910098021699e-12, abs error 4.543020596721568e-15
Time step = 81
|R| =  4.543020596721568e-15
Cell ID =  0
e11 =  1.1948942666987685e-05
e22 =  6.150928422588233e-05
e12 =  -4.996940467900962e-06
s11 =  3.298424366240654
s22 =  1.794483592629359
s12 =  -0.044772586592392555
Global dimensionality : 2
# of batches : 4
WARNING: If using a solver that requires a Jacobian, Dirichlet BCs are being applied but multi-point constraints are NOT.
End of iteration -1 rel error 1.0, abs error 0.004274163493254178
End of iteration 0 rel error 9.25962370103727e-13, abs error 3.957714558424464e-15
Time step = 82
|R| =  3.957714558424464e-15
Cell ID =  0
e11 =  1.2168834141554651e-05
e22 =  6.226131166242137e-05
e12 =  -5.679687757962747e-06
s11 =  3.3561763315047624
s22 =  1.8169959887545495
s12 =  -0.050890002311346154
Global dimensionality : 2
# of batches : 4
WARNING: If using a solver that requires a Jacobian, Dirichlet BCs are being applied but multi-point constraints are NOT.
End of iteration -1 rel error 1.0, abs error 0.0042561905261330685
End of iteration 0 rel error 9.968422526961054e-13, abs error 4.24275055197431e-15
Time step = 83
|R| =  4.24275055197431e-15
Cell ID =  0
e11 =  1.238731298797733e-05
e22 =  6.301287016304748e-05
e12 =  -6.351993448747698e-06
s11 =  3.413591131931747
s22 =  1.8394844505809798
s12 =  -0.056913861300779314
Global dimensionality : 2
# of batches : 4
WARNING: If using a solver that requires a Jacobian, Dirichlet BCs are being applied but multi-point constraints are NOT.
End of iteration -1 rel error 1.0, abs error 0.004238230398638838
End of iteration 0 rel error 9.528494195177014e-13, abs error 4.038395375125293e-15
Time step = 84
|R| =  4.038395375125293e-15
Cell ID =  0
e11 =  1.260421276422646e-05
e22 =  6.376397266163341e-05
e12 =  -7.012427880192574e-06
s11 =  3.4706295703250025
s22 =  1.8619480445623047
s12 =  -0.06283135380652541
Global dimensionality : 2
# of batches : 4
WARNING: If using a solver that requires a Jacobian, Dirichlet BCs are being applied but multi-point constraints are NOT.
End of iteration -1 rel error 1.0, abs error 0.004220420745860133
End of iteration 0 rel error 1.0377511878783648e-12, abs error 4.3797466423628475e-15
Time step = 85
|R| =  4.3797466423628475e-15
Cell ID =  0
e11 =  1.281944078832091e-05
e22 =  6.45146325865333e-05
e12 =  -7.660176422968266e-06
s11 =  3.5272698683309165
s22 =  1.884386423120995
s12 =  -0.0686351807497956
Global dimensionality : 2
# of batches : 4
WARNING: If using a solver that requires a Jacobian, Dirichlet BCs are being applied but multi-point constraints are NOT.
End of iteration -1 rel error 1.0, abs error 0.004205530427812112
End of iteration 0 rel error 1.1315760004174524e-12, abs error 4.758877301137527e-15
Time step = 86
|R| =  4.758877301137527e-15
Cell ID =  0
e11 =  1.3033273798008246e-05
e22 =  6.526489234657676e-05
e12 =  -8.297494090155012e-06
s11 =  3.58357769374445
s22 =  1.9068029067275147
s12 =  -0.07434554704778884
Global dimensionality : 2
# of batches : 4
WARNING: If using a solver that requires a Jacobian, Dirichlet BCs are being applied but multi-point constraints are NOT.
End of iteration -1 rel error 1.0, abs error 0.0042272084174711285
End of iteration 0 rel error 1.1410435260554853e-12, abs error 4.8234287980426844e-15
Time step = 87
|R| =  4.8234287980426844e-15
Cell ID =  0
e11 =  1.3249691487820786e-05
e22 =  6.601509965275385e-05
e12 =  -8.957433981272308e-06
s11 =  3.6404953642354285
s22 =  1.929237993061242
s12 =  -0.08025860847219982
Global dimensionality : 2
# of batches : 4
WARNING: If using a solver that requires a Jacobian, Dirichlet BCs are being applied but multi-point constraints are NOT.
End of iteration -1 rel error 1.0, abs error 0.004244034990352386
End of iteration 0 rel error 1.2991357377905698e-12, abs error 5.5135775284004405e-15
Time step = 88
|R| =  5.5135775284004405e-15
Cell ID =  0
e11 =  1.3467657029768875e-05
e22 =  6.676517877458215e-05
e12 =  -9.6313218605252e-06
s11 =  3.6977774934977545
s22 =  1.9516815423698153
s12 =  -0.08629664387030574
Global dimensionality : 2
# of batches : 4
WARNING: If using a solver that requires a Jacobian, Dirichlet BCs are being applied but multi-point constraints are NOT.
End of iteration -1 rel error 1.0, abs error 0.004254757768615708
End of iteration 0 rel error 1.1884716172393796e-12, abs error 5.0566588462285245e-15
Time step = 89
|R| =  5.0566588462285245e-15
Cell ID =  0
e11 =  1.368646543352555e-05
e22 =  6.751508605886105e-05
e12 =  -1.0313234847374885e-05
s11 =  3.7552572921435607
s22 =  1.9741268770370541
s12 =  -0.09240658423247891
Global dimensionality : 2
# of batches : 4
WARNING: If using a solver that requires a Jacobian, Dirichlet BCs are being applied but multi-point constraints are NOT.
End of iteration -1 rel error 1.0, abs error 0.004258506882062799
End of iteration 0 rel error 1.3407078335161843e-12, abs error 5.7094135358641766e-15
Time step = 90
|R| =  5.7094135358641766e-15
Cell ID =  0
e11 =  1.3905529894096966e-05
e22 =  6.826477234735309e-05
e12 =  -1.0998259902541131e-05
s11 =  3.8127958320448476
s22 =  1.9965680841132503
s12 =  -0.09854440872676848
Global dimensionality : 2
# of batches : 4
WARNING: If using a solver that requires a Jacobian, Dirichlet BCs are being applied but multi-point constraints are NOT.
End of iteration -1 rel error 1.0, abs error 0.004255989046656507
End of iteration 0 rel error 1.385961168333196e-12, abs error 5.898635551517338e-15
Time step = 91
|R| =  5.898635551517338e-15
Cell ID =  0
e11 =  1.4124388184404294e-05
e22 =  6.901422638288104e-05
e12 =  -1.1682479603451328e-05
s11 =  3.870283892422901
s22 =  2.019001265828181
s12 =  -0.10467501724692385
Global dimensionality : 2
# of batches : 4
WARNING: If using a solver that requires a Jacobian, Dirichlet BCs are being applied but multi-point constraints are NOT.
End of iteration -1 rel error 1.0, abs error 0.004248206784095143
End of iteration 0 rel error 1.2201641540091022e-12, abs error 5.183509636771179e-15
Time step = 92
|R| =  5.183509636771179e-15
Cell ID =  0
e11 =  1.4342674335336828e-05
e22 =  6.976341329471627e-05
e12 =  -1.2362827843865264e-05
s11 =  3.927634796130996
s22 =  2.0414226179410946
s12 =  -0.11077093748103273
Global dimensionality : 2
# of batches : 4
WARNING: If using a solver that requires a Jacobian, Dirichlet BCs are being applied but multi-point constraints are NOT.
End of iteration -1 rel error 1.0, abs error 0.004236697954306469
End of iteration 0 rel error 1.4386136834403254e-12, abs error 6.094971649668921e-15
Time step = 93
|R| =  6.094971649668921e-15
Cell ID =  0
e11 =  1.4560121444128362e-05
e22 =  7.051233736782075e-05
e12 =  -1.303701578604763e-05
s11 =  3.9847855597346937
s22 =  2.063830188163845
s12 =  -0.11681166144298673
Global dimensionality : 2
# of batches : 4
WARNING: If using a solver that requires a Jacobian, Dirichlet BCs are being applied but multi-point constraints are NOT.
End of iteration -1 rel error 1.0, abs error 0.004222655882234733
End of iteration 0 rel error 1.2821683569803034e-12, abs error 5.414155754618121e-15
Time step = 94
|R| =  5.414155754618121e-15
Cell ID =  0
e11 =  1.4776533880149412e-05
e22 =  7.12609846979193e-05
e12 =  -1.370338579160133e-05
s11 =  4.041689886275059
s22 =  2.0862220739524138
s12 =  -0.12278233669274788
Global dimensionality : 2
# of batches : 4
WARNING: If using a solver that requires a Jacobian, Dirichlet BCs are being applied but multi-point constraints are NOT.
End of iteration -1 rel error 1.0, abs error 0.004207226508482519
End of iteration 0 rel error 1.4934766593473428e-12, abs error 6.283394591006057e-15
Time step = 95
|R| =  6.283394591006057e-15
Cell ID =  0
e11 =  1.499178070680647e-05
e22 =  7.20093460916844e-05
e12 =  -1.4360820177184596e-05
s11 =  4.09831678983348
s22 =  2.1085970050471667
s12 =  -0.12867294878757396
Global dimensionality : 2
# of batches : 4
WARNING: If using a solver that requires a Jacobian, Dirichlet BCs are being applied but multi-point constraints are NOT.
End of iteration -1 rel error 1.0, abs error 0.004191456180842047
End of iteration 0 rel error 1.4760024469101155e-12, abs error 6.186599579039388e-15
Time step = 96
|R| =  6.186599579039388e-15
Cell ID =  0
e11 =  1.5205789944141632e-05
e22 =  7.275744004484028e-05
e12 =  -1.5008657105896743e-05
s11 =  4.154649419193351
s22 =  2.1309549346917116
s12 =  -0.13447756766883479
Global dimensionality : 2
# of batches : 4
WARNING: If using a solver that requires a Jacobian, Dirichlet BCs are being applied but multi-point constraints are NOT.
End of iteration -1 rel error 1.0, abs error 0.004175865544958362
End of iteration 0 rel error 1.3587855274427245e-12, abs error 5.674105667036148e-15
Time step = 97
|R| =  5.674105667036148e-15
Cell ID =  0
e11 =  1.54185237883009e-05
e22 =  7.350525584384963e-05
e12 =  -1.5646569416336936e-05
s11 =  4.210678765607984
s22 =  2.153295273163327
s12 =  -0.1401932619703789
Global dimensionality : 2
# of batches : 4
WARNING: If using a solver that requires a Jacobian, Dirichlet BCs are being applied but multi-point constraints are NOT.
End of iteration -1 rel error 1.0, abs error 0.004161107346267552
End of iteration 0 rel error 1.307723961728832e-12, abs error 5.4415797840399496e-15
Time step = 98
|R| =  5.4415797840399496e-15
Cell ID =  0
e11 =  1.5629985824128783e-05
e22 =  7.425281684305155e-05
e12 =  -1.627452754686653e-05
s11 =  4.266405856672949
s22 =  2.1756186944193976
s12 =  -0.14581976681992406
Global dimensionality : 2
# of batches : 4
WARNING: If using a solver that requires a Jacobian, Dirichlet BCs are being applied but multi-point constraints are NOT.
End of iteration -1 rel error 1.0, abs error 0.004147318241282387
End of iteration 0 rel error 1.5001326899266516e-12, abs error 6.221527669276817e-15
Time step = 99
|R| =  6.221527669276817e-15
Cell ID =  0
e11 =  1.584019672137972e-05
e22 =  7.500011583926947e-05
e12 =  -1.689269436699279e-05
s11 =  4.3218355167019995
s22 =  2.1979251595420752
s12 =  -0.15135854152825537
Global dimensionality : 2
# of batches : 4
WARNING: If using a solver that requires a Jacobian, Dirichlet BCs are being applied but multi-point constraints are NOT.
End of iteration -1 rel error 1.0, abs error 0.004039270213924761
End of iteration 0 rel error 1.5832125264496135e-12, abs error 6.395023200400492e-15
Time step = 100
|R| =  6.395023200400492e-15
Cell ID =  0
e11 =  1.6049631317184536e-05
e22 =  7.574530647170724e-05
e12 =  -1.7506542072429673e-05
s11 =  4.377065530901294
s22 =  2.220167269514265
s12 =  -0.15685861696896983
Global dimensionality : 2
# of batches : 4
WARNING: If using a solver that requires a Jacobian, Dirichlet BCs are being applied but multi-point constraints are NOT.
End of iteration -1 rel error 1.0, abs error 0.004020938873353791
End of iteration 0 rel error 1.6150468859413666e-12, abs error 6.494004805970627e-15
Time step = 101
|R| =  6.494004805970627e-15
Cell ID =  0
e11 =  1.6257949730244566e-05
e22 =  7.649011179082712e-05
e12 =  -1.8111776556169456e-05
s11 =  4.4320290208728235
s22 =  2.2423900588247436
s12 =  -0.16228151794327828
Global dimensionality : 2
# of batches : 4
WARNING: If using a solver that requires a Jacobian, Dirichlet BCs are being applied but multi-point constraints are NOT.
End of iteration -1 rel error 1.0, abs error 0.004004644225284491
End of iteration 0 rel error 1.6291814872084487e-12, abs error 6.524292234689712e-15
Time step = 102
|R| =  6.524292234689712e-15
Cell ID =  0
e11 =  1.6465156553629946e-05
e22 =  7.723264994701778e-05
e12 =  -1.8709346677268056e-05
s11 =  4.486712470198499
s22 =  2.264541498068644
s12 =  -0.16763574622832172
Global dimensionality : 2
# of batches : 4
WARNING: If using a solver that requires a Jacobian, Dirichlet BCs are being applied but multi-point constraints are NOT.
End of iteration -1 rel error 1.0, abs error 0.003999911236678811
End of iteration 0 rel error 1.5517660167970971e-12, abs error 6.20692632728303e-15
Time step = 103
|R| =  6.20692632728303e-15
Cell ID =  0
e11 =  1.6674795983320435e-05
e22 =  7.797488981056164e-05
e12 =  -1.932856302643151e-05
s11 =  4.541967952029443
s22 =  2.2867035585228037
s12 =  -0.17318392471682625
Global dimensionality : 2
# of batches : 4
WARNING: If using a solver that requires a Jacobian, Dirichlet BCs are being applied but multi-point constraints are NOT.
End of iteration -1 rel error 1.0, abs error 0.003994913321181382
End of iteration 0 rel error 1.5672763154526554e-12, abs error 6.261133030573887e-15
Time step = 104
|R| =  6.261133030573887e-15
Cell ID =  0
e11 =  1.688614804611349e-05
e22 =  7.871674850056093e-05
e12 =  -1.99628432957093e-05
s11 =  4.597624835109151
s22 =  2.3088683610114127
s12 =  -0.17886707592955525
Global dimensionality : 2
# of batches : 4
WARNING: If using a solver that requires a Jacobian, Dirichlet BCs are being applied but multi-point constraints are NOT.
End of iteration -1 rel error 1.0, abs error 0.003990757394952485
End of iteration 0 rel error 1.7127584992272623e-12, abs error 6.8352036465589166e-15
Time step = 105
|R| =  6.8352036465589166e-15
Cell ID =  0
e11 =  1.709899580741509e-05
e22 =  7.945824652726091e-05
e12 =  -2.0610871264181577e-05
s11 =  4.653632059552547
s22 =  2.3310347898425285
s12 =  -0.18467340652706685
Global dimensionality : 2
# of batches : 4
WARNING: If using a solver that requires a Jacobian, Dirichlet BCs are being applied but multi-point constraints are NOT.
End of iteration -1 rel error 1.0, abs error 0.004005175225130852
End of iteration 0 rel error 1.5007359342783611e-12, abs error 6.0107103834352945e-15
Time step = 106
|R| =  6.0107103834352945e-15
Cell ID =  0
e11 =  1.731596685687806e-05
e22 =  8.019954675780218e-05
e12 =  -2.129433400568882e-05
s11 =  4.7106112721556865
s22 =  2.353227737944772
s12 =  -0.19079723269097174
Global dimensionality : 2
# of batches : 4
WARNING: If using a solver that requires a Jacobian, Dirichlet BCs are being applied but multi-point constraints are NOT.
End of iteration -1 rel error 1.0, abs error 0.0040189603600522105
End of iteration 0 rel error 1.486452166356168e-12, abs error 5.973992333699173e-15
Time step = 107
|R| =  5.973992333699173e-15
Cell ID =  0
e11 =  1.7535918768364276e-05
e22 =  8.094058592972207e-05
e12 =  -2.2003596787764185e-05
s11 =  4.768292251255363
s22 =  2.3754365912050193
s12 =  -0.197152227218367
Global dimensionality : 2
# of batches : 4
WARNING: If using a solver that requires a Jacobian, Dirichlet BCs are being applied but multi-point constraints are NOT.
End of iteration -1 rel error 1.0, abs error 0.004029581799738949
End of iteration 0 rel error 1.702997450333226e-12, abs error 6.862367530864602e-15
Time step = 108
|R| =  6.862367530864602e-15
Cell ID =  0
e11 =  1.7758004369603544e-05
e22 =  8.168129890943042e-05
e12 =  -2.2731539150603106e-05
s11 =  4.8264744711459135
s22 =  2.3976529745517103
s12 =  -0.20367459078940375
Global dimensionality : 2
# of batches : 4
WARNING: If using a solver that requires a Jacobian, Dirichlet BCs are being applied but multi-point constraints are NOT.
End of iteration -1 rel error 1.0, abs error 0.004035426192188597
End of iteration 0 rel error 1.510671348044251e-12, abs error 6.096202725686626e-15
Time step = 109
|R| =  6.096202725686626e-15
Cell ID =  0
e11 =  1.7981492065590263e-05
e22 =  8.242163053915854e-05
e12 =  -2.3472011533435334e-05
s11 =  4.884984771719985
s22 =  2.419869685652478
s12 =  -0.21030922333958052
Global dimensionality : 2
# of batches : 4
WARNING: If using a solver that requires a Jacobian, Dirichlet BCs are being applied but multi-point constraints are NOT.
End of iteration -1 rel error 1.0, abs error 0.003965491252798403
End of iteration 0 rel error 1.618150313896909e-12, abs error 6.416760915471182e-15
Time step = 110
|R| =  6.416760915471182e-15
Cell ID =  0
e11 =  1.8206776879652035e-05
e22 =  8.315968109230413e-05
e12 =  -2.4229370400991035e-05
s11 =  4.943901679810897
s22 =  2.442037229763289
s12 =  -0.2170951587928796
Global dimensionality : 2
# of batches : 4
WARNING: If using a solver that requires a Jacobian, Dirichlet BCs are being applied but multi-point constraints are NOT.
End of iteration -1 rel error 1.0, abs error 0.003957093037576354
End of iteration 0 rel error 1.5610810827922367e-12, abs error 6.177343083809317e-15
Time step = 111
|R| =  6.177343083809317e-15
Cell ID =  0
e11 =  1.8432492216778318e-05
e22 =  8.38972663744071e-05
e12 =  -2.499182677614744e-05
s11 =  5.002916625973528
s22 =  2.464195241576798
s12 =  -0.223926767914281
Global dimensionality : 2
# of batches : 4
WARNING: If using a solver that requires a Jacobian, Dirichlet BCs are being applied but multi-point constraints are NOT.
End of iteration -1 rel error 1.0, abs error 0.0039447320201010695
End of iteration 0 rel error 1.706211038820107e-12, abs error 6.730545317883585e-15
Time step = 112
|R| =  6.730545317883585e-15
Cell ID =  0
e11 =  1.8658178757624544e-05
e22 =  8.463426571158966e-05
e12 =  -2.575488740598028e-05
s11 =  5.061920227015272
s22 =  2.486336818656732
s12 =  -0.23076379115758325
Global dimensionality : 2
# of batches : 4
WARNING: If using a solver that requires a Jacobian, Dirichlet BCs are being applied but multi-point constraints are NOT.
End of iteration -1 rel error 1.0, abs error 0.003929112792535339
End of iteration 0 rel error 1.7867650132808797e-12, abs error 7.020401270936479e-15
Time step = 113
|R| =  7.020401270936479e-15
Cell ID =  0
e11 =  1.8883511518005086e-05
e22 =  8.537064531349425e-05
e12 =  -2.6515836589500243e-05
s11 =  5.120835490856526
s22 =  2.508458504645951
s12 =  -0.23758189584192213
Global dimensionality : 2
# of batches : 4
WARNING: If using a solver that requires a Jacobian, Dirichlet BCs are being applied but multi-point constraints are NOT.
End of iteration -1 rel error 1.0, abs error 0.003911322946339587
End of iteration 0 rel error 1.751160476760308e-12, abs error 6.849354155475563e-15
Time step = 114
|R| =  6.849354155475563e-15
Cell ID =  0
e11 =  1.910813018232615e-05
e22 =  8.610416063182685e-05
e12 =  -2.7271567114477683e-05
s11 =  5.179559930762541
s22 =  2.5304954041265804
s12 =  -0.24435324134572
Global dimensionality : 2
# of batches : 4
WARNING: If using a solver that requires a Jacobian, Dirichlet BCs are being applied but multi-point constraints are NOT.
End of iteration -1 rel error 1.0, abs error 0.0038924060330862557
End of iteration 0 rel error 1.6716063480391127e-12, abs error 6.506570634052726e-15
Time step = 115
|R| =  6.506570634052726e-15
Cell ID =  0
e11 =  1.9331956053440976e-05
e22 =  8.683689601545407e-05
e12 =  -2.80214133774029e-05
s11 =  5.238091138065925
s22 =  2.5525045740832497
s12 =  -0.25107186386152996
Global dimensionality : 2
# of batches : 4
WARNING: If using a solver that requires a Jacobian, Dirichlet BCs are being applied but multi-point constraints are NOT.
End of iteration -1 rel error 1.0, abs error 0.0038752156909127606
End of iteration 0 rel error 1.6542359735263215e-12, abs error 6.410521201081547e-15
Time step = 116
|R| =  6.410521201081547e-15
Cell ID =  0
e11 =  1.9555138208475604e-05
e22 =  8.756885230751048e-05
e12 =  -2.8766651254965133e-05
s11 =  5.296464316941419
s22 =  2.5744871944996213
s12 =  -0.2577491952444876
Global dimensionality : 2
# of batches : 4
WARNING: If using a solver that requires a Jacobian, Dirichlet BCs are being applied but multi-point constraints are NOT.
End of iteration -1 rel error 1.0, abs error 0.0038815747800160596
End of iteration 0 rel error 1.6709586338234722e-12, abs error 6.485950891499279e-15
Time step = 117
|R| =  6.485950891499279e-15
Cell ID =  0
e11 =  1.9780156702130063e-05
e22 =  8.830016831438141e-05
e12 =  -2.952834887401791e-05
s11 =  5.355266093982433
s22 =  2.5964663479252565
s12 =  -0.26457400591120045
Global dimensionality : 2
# of batches : 4
WARNING: If using a solver that requires a Jacobian, Dirichlet BCs are being applied but multi-point constraints are NOT.
End of iteration -1 rel error 1.0, abs error 0.0038832993015443327
End of iteration 0 rel error 1.523539278124812e-12, abs error 5.9163590146174395e-15
Time step = 118
|R| =  5.9163590146174395e-15
Cell ID =  0
e11 =  2.0006297520217563e-05
e22 =  8.903079454821797e-05
e12 =  -3.0300438382875144e-05
s11 =  5.414327503966345
s22 =  2.6184351253028977
s12 =  -0.27149192791056126
Global dimensionality : 2
# of batches : 4
WARNING: If using a solver that requires a Jacobian, Dirichlet BCs are being applied but multi-point constraints are NOT.
End of iteration -1 rel error 1.0, abs error 0.003881173620728349
End of iteration 0 rel error 1.567212833036616e-12, abs error 6.082625105648656e-15
Time step = 119
|R| =  6.082625105648656e-15
Cell ID =  0
e11 =  2.02333746738251e-05
e22 =  8.976081770423251e-05
e12 =  -3.108015285401626e-05
s11 =  5.4736053069066894
s22 =  2.6403944821776073
s12 =  -0.2784781695719857
Global dimensionality : 2
# of batches : 4
WARNING: If using a solver that requires a Jacobian, Dirichlet BCs are being applied but multi-point constraints are NOT.
End of iteration -1 rel error 1.0, abs error 0.0038764791170166862
End of iteration 0 rel error 1.4262602825562391e-12, abs error 5.528868200759579e-15
Time step = 120
|R| =  5.528868200759579e-15
Cell ID =  0
e11 =  2.0460908671327032e-05
e22 =  9.04901342629482e-05
e12 =  -3.186446033303465e-05
s11 =  5.532985489961679
s22 =  2.662337834210786
s12 =  -0.2855055645839904
Global dimensionality : 2
# of batches : 4
WARNING: If using a solver that requires a Jacobian, Dirichlet BCs are being applied but multi-point constraints are NOT.
End of iteration -1 rel error 1.0, abs error 0.00388193526228941
End of iteration 0 rel error 1.67375342504419e-12, abs error 6.497402441056715e-15
Time step = 121
|R| =  6.497402441056715e-15
Cell ID =  0
e11 =  2.0690470877875398e-05
e22 =  9.121879716818753e-05
e12 =  -3.266654737473922e-05
s11 =  5.592839468742163
s22 =  2.684278838073903
s12 =  -0.29269226447766333
Global dimensionality : 2
# of batches : 4
WARNING: If using a solver that requires a Jacobian, Dirichlet BCs are being applied but multi-point constraints are NOT.
End of iteration -1 rel error 1.0, abs error 0.0038831841693659705
End of iteration 0 rel error 1.6077372150726028e-12, abs error 6.243139702070464e-15
Time step = 122
|R| =  6.243139702070464e-15
Cell ID =  0
e11 =  2.0921632667731177e-05
e22 =  9.194694126923147e-05
e12 =  -3.3481667069026725e-05
s11 =  5.65306708947171
s22 =  2.706217899022413
s12 =  -0.29999573693847936
Global dimensionality : 2
# of batches : 4
WARNING: If using a solver that requires a Jacobian, Dirichlet BCs are being applied but multi-point constraints are NOT.
End of iteration -1 rel error 1.0, abs error 0.0038804822879305967
End of iteration 0 rel error 1.7847118819517115e-12, abs error 6.925542846972899e-15
Time step = 123
|R| =  6.925542846972899e-15
Cell ID =  0
e11 =  2.115359839977996e-05
e22 =  9.267441065300719e-05
e12 =  -3.4304073021576364e-05
s11 =  5.713479288793445
s22 =  2.72814453021216
s12 =  -0.30736449427332413
Global dimensionality : 2
# of batches : 4
WARNING: If using a solver that requires a Jacobian, Dirichlet BCs are being applied but multi-point constraints are NOT.
End of iteration -1 rel error 1.0, abs error 0.0038740541662945554
End of iteration 0 rel error 1.7276060450073096e-12, abs error 6.692839396376227e-15
Time step = 124
|R| =  6.692839396376227e-15
Cell ID =  0
e11 =  2.138592576106731e-05
e22 =  9.340121988334442e-05
e12 =  -3.512996375380168e-05
s11 =  5.77397174806289
s22 =  2.7500557027707817
s12 =  -0.314764475234063
Global dimensionality : 2
# of batches : 4
WARNING: If using a solver that requires a Jacobian, Dirichlet BCs are being applied but multi-point constraints are NOT.
End of iteration -1 rel error 1.0, abs error 0.0038642732801525983
End of iteration 0 rel error 1.7312364374216139e-12, abs error 6.689970706754918e-15
Time step = 125
|R| =  6.689970706754918e-15
Cell ID =  0
e11 =  2.1618243543299106e-05
e22 =  9.412735645923392e-05
e12 =  -3.5956191367464375e-05
s11 =  5.83445672670546
s22 =  2.7719481907097885
s12 =  -0.32216747465248075
Global dimensionality : 2
# of batches : 4
WARNING: If using a solver that requires a Jacobian, Dirichlet BCs are being applied but multi-point constraints are NOT.
End of iteration -1 rel error 1.0, abs error 0.0038519866492706684
End of iteration 0 rel error 1.5956885390479667e-12, abs error 6.146570948806986e-15
Time step = 126
|R| =  6.146570948806986e-15
Cell ID =  0
e11 =  2.1850260472232886e-05
e22 =  9.485284247576476e-05
e12 =  -3.678023819743344e-05
s11 =  5.894865625280438
s22 =  2.793820345400019
s12 =  -0.32955093424900356
Global dimensionality : 2
# of batches : 4
WARNING: If using a solver that requires a Jacobian, Dirichlet BCs are being applied but multi-point constraints are NOT.
End of iteration -1 rel error 1.0, abs error 0.0038377759763682144
End of iteration 0 rel error 1.8145650144754898e-12, abs error 6.963894020112276e-15
Time step = 127
|R| =  6.963894020112276e-15
Cell ID =  0
e11 =  2.2081739504412053e-05
e22 =  9.557767186584351e-05
e12 =  -3.760009665414811e-05
s11 =  5.955142429921933
s22 =  2.815670159815344
s12 =  -0.336896866021167
Global dimensionality : 2
# of batches : 4
WARNING: If using a solver that requires a Jacobian, Dirichlet BCs are being applied but multi-point constraints are NOT.
End of iteration -1 rel error 1.0, abs error 0.0038239499392126843
End of iteration 0 rel error 1.753260610687651e-12, abs error 6.704380805663037e-15
Time step = 128
|R| =  6.704380805663037e-15
Cell ID =  0
e11 =  2.2312798543420474e-05
e22 =  9.630187307428439e-05
e12 =  -3.841675874192334e-05
s11 =  6.015315198777268
s22 =  2.83749933572508
s12 =  -0.344214158327633
Global dimensionality : 2
# of batches : 4
WARNING: If using a solver that requires a Jacobian, Dirichlet BCs are being applied but multi-point constraints are NOT.
End of iteration -1 rel error 1.0, abs error 0.0038241501673976306
End of iteration 0 rel error 1.666766048972551e-12, abs error 6.373963665191068e-15
Time step = 129
|R| =  6.373963665191068e-15
Cell ID =  0
e11 =  2.2545664686572735e-05
e22 =  9.702545792552519e-05
e12 =  -3.92494068815032e-05
s11 =  6.075909849087649
s22 =  2.8593254798346037
s12 =  -0.35167468565826854
Global dimensionality : 2
# of batches : 4
WARNING: If using a solver that requires a Jacobian, Dirichlet BCs are being applied but multi-point constraints are NOT.
End of iteration -1 rel error 1.0, abs error 0.003823656460814038
End of iteration 0 rel error 1.6051845810672355e-12, abs error 6.13767439419681e-15
Time step = 130
|R| =  6.13767439419681e-15
Cell ID =  0
e11 =  2.277964629188017e-05
e22 =  9.774842953775916e-05
e12 =  -4.00920879104583e-05
s11 =  6.136763105943745
s22 =  2.881143312116436
s12 =  -0.35922510767770627
Global dimensionality : 2
# of batches : 4
WARNING: If using a solver that requires a Jacobian, Dirichlet BCs are being applied but multi-point constraints are NOT.
End of iteration -1 rel error 1.0, abs error 0.003821761593668158
End of iteration 0 rel error 1.7175440502172047e-12, abs error 6.564043886553367e-15
Time step = 131
|R| =  6.564043886553367e-15
Cell ID =  0
e11 =  2.301425716058835e-05
e22 =  9.847081762857216e-05
e12 =  -4.09405725038604e-05
s11 =  6.197760406684229
s22 =  2.902949882456158
s12 =  -0.3668275296345891
Global dimensionality : 2
# of batches : 4
WARNING: If using a solver that requires a Jacobian, Dirichlet BCs are being applied but multi-point constraints are NOT.
End of iteration -1 rel error 1.0, abs error 0.0038175958767235948
End of iteration 0 rel error 1.8099878344007154e-12, abs error 6.90980209352804e-15
Time step = 132
|R| =  6.90980209352804e-15
Cell ID =  0
e11 =  2.3249083681523283e-05
e22 =  9.919262204217266e-05
e12 =  -4.179130746069363e-05
s11 =  6.258804095049487
s22 =  2.924741977425179
s12 =  -0.3744501148478149
Global dimensionality : 2
# of batches : 4
WARNING: If using a solver that requires a Jacobian, Dirichlet BCs are being applied but multi-point constraints are NOT.
End of iteration -1 rel error 1.0, abs error 0.0038112296058846174
End of iteration 0 rel error 1.7787830804425138e-12, abs error 6.779350738629147e-15
Time step = 133
|R| =  6.779350738629147e-15
Cell ID =  0
e11 =  2.348379721533329e-05
e22 =  9.991387437439318e-05
e12 =  -4.264142151981233e-05
s11 =  6.319816823279466
s22 =  2.9465179213432617
s12 =  -0.3820671368175184
Global dimensionality : 2
# of batches : 4
WARNING: If using a solver that requires a Jacobian, Dirichlet BCs are being applied but multi-point constraints are NOT.
End of iteration -1 rel error 1.0, abs error 0.00380276885140857
End of iteration 0 rel error 1.7621226594873635e-12, abs error 6.700945161859776e-15
Time step = 134
|R| =  6.700945161859776e-15
Cell ID =  0
e11 =  2.3718127698916805e-05
e22 =  0.00010063457590823283
e12 =  -4.3488597922964505e-05
s11 =  6.38073483848188
s22 =  2.9682756543467526
s12 =  -0.3896578373897619
Global dimensionality : 2
# of batches : 4
WARNING: If using a solver that requires a Jacobian, Dirichlet BCs are being applied but multi-point constraints are NOT.
End of iteration -1 rel error 1.0, abs error 0.0037927842553515927
End of iteration 0 rel error 2.2181318090018845e-12, abs error 8.412895401476894e-15
Time step = 135
|R| =  8.412895401476894e-15
Cell ID =  0
e11 =  2.395187268709402e-05
e22 =  0.00010135475918636497
e12 =  -4.433105208211704e-05
s11 =  6.4415105951302065
s22 =  2.990014506064494
s12 =  -0.3972062266557686
Global dimensionality : 2
# of batches : 4
WARNING: If using a solver that requires a Jacobian, Dirichlet BCs are being applied but multi-point constraints are NOT.
End of iteration -1 rel error 1.0, abs error 0.003781631948085524
End of iteration 0 rel error 1.980168920780146e-12, abs error 7.488270053428232e-15
Time step = 136
|R| =  7.488270053428232e-15
Cell ID =  0
e11 =  2.4184873775129278e-05
e22 =  0.00010207443375739662
e12 =  -4.516741614015568e-05
s11 =  6.502106767395554
s22 =  3.011733511649756
s12 =  -0.40470004861579484
Global dimensionality : 2
# of batches : 4
WARNING: If using a solver that requires a Jacobian, Dirichlet BCs are being applied but multi-point constraints are NOT.
End of iteration -1 rel error 1.0, abs error 0.0037697655036105903
End of iteration 0 rel error 1.8537680905142088e-12, abs error 6.988270999314539e-15
Time step = 137
|R| =  6.988270999314539e-15
Cell ID =  0
e11 =  2.4417015683892685e-05
e22 =  0.00010279360918544771
e12 =  -4.599669360940339e-05
s11 =  6.562496211676377
s22 =  3.0334320412871127
s12 =  -0.41213037474025427
Global dimensionality : 2
# of batches : 4
WARNING: If using a solver that requires a Jacobian, Dirichlet BCs are being applied but multi-point constraints are NOT.
End of iteration -1 rel error 1.0, abs error 0.0037576977294903426
End of iteration 0 rel error 2.203842659174951e-12, abs error 8.281374556535674e-15
Time step = 138
|R| =  8.281374556535674e-15
Cell ID =  0
e11 =  2.464822577071264e-05
e22 =  0.00010351231799342919
e12 =  -4.681821776966554e-05
s11 =  6.622662029120904
s22 =  3.055110431167812
s12 =  -0.41949123121620313
Global dimensionality : 2
# of batches : 4
WARNING: If using a solver that requires a Jacobian, Dirichlet BCs are being applied but multi-point constraints are NOT.
End of iteration -1 rel error 1.0, abs error 0.0037456085482496394
End of iteration 0 rel error 2.1500719541439288e-12, abs error 8.053327890793307e-15
Time step = 139
|R| =  8.053327890793307e-15
Cell ID =  0
e11 =  2.4878452486389786e-05
e22 =  0.00010423056162306654
e12 =  -4.763155380038198e-05
s11 =  6.682592059968146
s22 =  3.07676832122108
s12 =  -0.4267787220514225
Global dimensionality : 2
# of batches : 4
WARNING: If using a solver that requires a Jacobian, Dirichlet BCs are being applied but multi-point constraints are NOT.
End of iteration -1 rel error 1.0, abs error 0.003733908953509819
End of iteration 0 rel error 2.049167109297052e-12, abs error 7.651403416642096e-15
Time step = 140
|R| =  7.651403416642096e-15
Cell ID =  0
e11 =  2.510767748676895e-05
e22 =  0.00010494837194504246
e12 =  -4.843650314921929e-05
s11 =  6.74228222037627
s22 =  3.098406450883267
s12 =  -0.4339910682170048
Global dimensionality : 2
# of batches : 4
WARNING: If using a solver that requires a Jacobian, Dirichlet BCs are being applied but multi-point constraints are NOT.
End of iteration -1 rel error 1.0, abs error 0.0037226377481055766
End of iteration 0 rel error 1.9424380486873997e-12, abs error 7.230993203400251e-15
Time step = 141
|R| =  7.230993203400251e-15
Cell ID =  0
e11 =  2.533589314427733e-05
e22 =  0.0001056657496198181
e12 =  -4.9233010020898534e-05
s11 =  6.80173071457292
s22 =  3.1200247792466573
s12 =  -0.44112776978725077
Global dimensionality : 2
# of batches : 4
WARNING: If using a solver that requires a Jacobian, Dirichlet BCs are being applied but multi-point constraints are NOT.
End of iteration -1 rel error 1.0, abs error 0.0037141104320819033
End of iteration 0 rel error 2.0693243432824622e-12, abs error 7.685699130746426e-15
Time step = 142
|R| =  7.685699130746426e-15
Cell ID =  0
e11 =  2.556335023016367e-05
e22 =  0.00010638271784896065
e12 =  -5.0023179704808656e-05
s11 =  6.860996930546553
s22 =  3.141625893906956
s12 =  -0.44820769015508544
Global dimensionality : 2
# of batches : 4
WARNING: If using a solver that requires a Jacobian, Dirichlet BCs are being applied but multi-point constraints are NOT.
End of iteration -1 rel error 1.0, abs error 0.0037229374037797097
End of iteration 0 rel error 1.958495097647736e-12, abs error 7.291354654151952e-15
Time step = 143
|R| =  7.291354654151952e-15
Cell ID =  0
e11 =  2.579171434123896e-05
e22 =  0.00010709922980167934
e12 =  -5.082125035699782e-05
s11 =  6.92047375820433
s22 =  3.1632214221990265
s12 =  -0.45535840319870036
Global dimensionality : 2
# of batches : 4
WARNING: If using a solver that requires a Jacobian, Dirichlet BCs are being applied but multi-point constraints are NOT.
End of iteration -1 rel error 1.0, abs error 0.003730893744433315
End of iteration 0 rel error 2.05824940481071e-12, abs error 7.679109828891872e-15
Time step = 144
|R| =  7.679109828891872e-15
Cell ID =  0
e11 =  2.6020597432215185e-05
e22 =  0.00010781530482291732
e12 =  -5.162390541284777e-05
s11 =  6.980069728784025
s22 =  3.184808888580252
s12 =  -0.4625501924991159
Global dimensionality : 2
# of batches : 4
WARNING: If using a solver that requires a Jacobian, Dirichlet BCs are being applied but multi-point constraints are NOT.
End of iteration -1 rel error 1.0, abs error 0.0037371507950647387
End of iteration 0 rel error 1.9657821872902945e-12, abs error 7.346424464156025e-15
Time step = 145
|R| =  7.346424464156025e-15
Cell ID =  0
e11 =  2.6249730474459596e-05
e22 =  0.00010853098230162807
e12 =  -5.242881003606251e-05
s11 =  7.039721629290808
s22 =  3.2063872954887764
s12 =  -0.46976213792312
Global dimensionality : 2
# of batches : 4
WARNING: If using a solver that requires a Jacobian, Dirichlet BCs are being applied but multi-point constraints are NOT.
End of iteration -1 rel error 1.0, abs error 0.0037409302041490305
End of iteration 0 rel error 2.051640091400206e-12, abs error 7.675042385962108e-15
Time step = 146
|R| =  7.675042385962108e-15
Cell ID =  0
e11 =  2.6478883652036085e-05
e22 =  0.00010924626876113886
e12 =  -5.3234015672409915e-05
s11 =  7.099375249988067
s22 =  3.227955040313774
s12 =  -0.47697678042479275
Global dimensionality : 2
# of batches : 4
WARNING: If using a solver that requires a Jacobian, Dirichlet BCs are being applied but multi-point constraints are NOT.
End of iteration -1 rel error 1.0, abs error 0.0035440922073488117
End of iteration 0 rel error 2.129142034367096e-12, abs error 7.545875692339221e-15
Time step = 147
|R| =  7.545875692339221e-15
Cell ID =  0
e11 =  2.6707283793613945e-05
e22 =  0.00010995703059156909
e12 =  -5.40373009196644e-05
s11 =  7.158815970637322
s22 =  3.2493917598054676
s12 =  -0.48417421624019297
Global dimensionality : 2
# of batches : 4
WARNING: If using a solver that requires a Jacobian, Dirichlet BCs are being applied but multi-point constraints are NOT.
End of iteration -1 rel error 1.0, abs error 0.0035330635786400186
End of iteration 0 rel error 1.939418390224451e-12, abs error 6.852088478246663e-15
Time step = 148
|R| =  6.852088478246663e-15
Cell ID =  0
e11 =  2.693450591932478e-05
e22 =  0.00011066575981143694
e12 =  -5.4833257966805586e-05
s11 =  7.217962787023733
s22 =  3.27076310319324
s12 =  -0.49130599138257797
Global dimensionality : 2
# of batches : 4
WARNING: If using a solver that requires a Jacobian, Dirichlet BCs are being applied but multi-point constraints are NOT.
End of iteration -1 rel error 1.0, abs error 0.0035202518641611704
End of iteration 0 rel error 2.135375877350388e-12, abs error 7.517060912927497e-15
Time step = 149
|R| =  7.517060912927497e-15
Cell ID =  0
e11 =  2.7161231858685747e-05
e22 =  0.0001113738349577586
e12 =  -5.562541820342286e-05
s11 =  7.276987377257153
s22 =  3.292112500559105
s12 =  -0.4984037471026687
Global dimensionality : 2
# of batches : 4
WARNING: If using a solver that requires a Jacobian, Dirichlet BCs are being applied but multi-point constraints are NOT.
End of iteration -1 rel error 1.0, abs error 0.003505648462391269
End of iteration 0 rel error 2.0614863652367003e-12, abs error 7.226846506532604e-15
Time step = 150
|R| =  7.226846506532604e-15
Cell ID =  0
e11 =  2.738737517557357e-05
e22 =  0.0001120812550856457
e12 =  -5.641305550705924e-05
s11 =  7.335869326134112
s22 =  3.313439255121974
s12 =  -0.5054609773432507
Global dimensionality : 2
# of batches : 4
WARNING: If using a solver that requires a Jacobian, Dirichlet BCs are being applied but multi-point constraints are NOT.
End of iteration -1 rel error 1.0, abs error 0.0034896857383628944
End of iteration 0 rel error 1.862182346317614e-12, abs error 6.49843117617573e-15
Time step = 151
|R| =  6.49843117617573e-15
Cell ID =  0
e11 =  2.761287321592641e-05
e22 =  0.0001127880185162303
e12 =  -5.7195646880885186e-05
s11 =  7.3945938277845915
s22 =  3.3347428343135763
s12 =  -0.5124729960527312
Global dimensionality : 2
# of batches : 4
WARNING: If using a solver that requires a Jacobian, Dirichlet BCs are being applied but multi-point constraints are NOT.
End of iteration -1 rel error 1.0, abs error 0.0034728714372060524
End of iteration 0 rel error 2.0107836054545745e-12, abs error 6.983192949785396e-15
Time step = 152
|R| =  6.983192949785396e-15
Cell ID =  0
e11 =  2.783768974281871e-05
e22 =  0.0001134941457214367
e12 =  -5.79728581249809e-05
s11 =  7.453152485380361
s22 =  3.3560235233752915
s12 =  -0.5194368087998288
Global dimensionality : 2
# of batches : 4
WARNING: If using a solver that requires a Jacobian, Dirichlet BCs are being applied but multi-point constraints are NOT.
End of iteration -1 rel error 1.0, abs error 0.0034554210250508266
End of iteration 0 rel error 1.93638011011855e-12, abs error 6.691008544993874e-15
Time step = 153
|R| =  6.691008544993874e-15
Cell ID =  0
e11 =  2.8061795957746878e-05
e22 =  0.00011419962640990681
e12 =  -5.874446747697624e-05
s11 =  7.511538419645189
s22 =  3.3772808141353488
s12 =  -0.5263504285937071
Global dimensionality : 2
# of batches : 4
WARNING: If using a solver that requires a Jacobian, Dirichlet BCs are being applied but multi-point constraints are NOT.
End of iteration -1 rel error 1.0, abs error 0.003437777181146418
End of iteration 0 rel error 2.292362886658816e-12, abs error 7.88063282266261e-15
Time step = 154
|R| =  7.88063282266261e-15
Cell ID =  0
e11 =  2.828518519368377e-05
e22 =  0.00011490448023993943
e12 =  -5.951039305253711e-05
s11 =  7.569750208994974
s22 =  3.398515198750943
s12 =  -0.5332131217507324
Global dimensionality : 2
# of batches : 4
WARNING: If using a solver that requires a Jacobian, Dirichlet BCs are being applied but multi-point constraints are NOT.
End of iteration -1 rel error 1.0, abs error 0.0034200475249957056
End of iteration 0 rel error 2.098841913777424e-12, abs error 7.178139092571729e-15
Time step = 155
|R| =  7.178139092571729e-15
Cell ID =  0
e11 =  2.8506307489782207e-05
e22 =  0.00011560786416178626
e12 =  -6.026417612232758e-05
s11 =  7.627415361191969
s22 =  3.4196913267997635
s12 =  -0.5399670180560551
Global dimensionality : 2
# of batches : 4
WARNING: If using a solver that requires a Jacobian, Dirichlet BCs are being applied but multi-point constraints are NOT.
End of iteration -1 rel error 1.0, abs error 0.0034028975365517954
End of iteration 0 rel error 2.3367804803548235e-12, abs error 7.95182454006175e-15
Time step = 156
|R| =  7.95182454006175e-15
Cell ID =  0
e11 =  2.8726618469930094e-05
e22 =  0.00011631058151142315
e12 =  -6.101190178515678e-05
s11 =  7.684883787056064
s22 =  3.4408427180053534
s12 =  -0.5466666399950046
Global dimensionality : 2
# of batches : 4
WARNING: If using a solver that requires a Jacobian, Dirichlet BCs are being applied but multi-point constraints are NOT.
End of iteration -1 rel error 1.0, abs error 0.0033860656513785173
End of iteration 0 rel error 2.4498101269190567e-12, abs error 8.295217923159864e-15
Time step = 157
|R| =  8.295217923159864e-15
Cell ID =  0
e11 =  2.894449950156782e-05
e22 =  0.00011701281336750875
e12 =  -6.174717423478173e-05
s11 =  7.741774726704535
s22 =  3.4619618236473846
s12 =  -0.5532546811436442
Global dimensionality : 2
# of batches : 4
WARNING: If using a solver that requires a Jacobian, Dirichlet BCs are being applied but multi-point constraints are NOT.
End of iteration -1 rel error 1.0, abs error 0.0033698348419879056
End of iteration 0 rel error 2.28493181730016e-12, abs error 7.699842849504822e-15
Time step = 158
|R| =  7.699842849504822e-15
Cell ID =  0
e11 =  2.916118806049059e-05
e22 =  0.00011771497575549044
e12 =  -6.24779371163136e-05
s11 =  7.798383580369029
s22 =  3.4830697551847147
s12 =  -0.5598023165621697
Global dimensionality : 2
# of batches : 4
WARNING: If using a solver that requires a Jacobian, Dirichlet BCs are being applied but multi-point constraints are NOT.
End of iteration -1 rel error 1.0, abs error 0.0033542506241930315
End of iteration 0 rel error 2.1023804473425793e-12, abs error 7.051910927790072e-15
Time step = 159
|R| =  7.051910927790072e-15
Cell ID =  0
e11 =  2.93770419853276e-05
e22 =  0.00011841654871800139
e12 =  -6.32030055885702e-05
s11 =  7.854790800771617
s22 =  3.504154903373595
s12 =  -0.5662989300735888
Global dimensionality : 2
# of batches : 4
WARNING: If using a solver that requires a Jacobian, Dirichlet BCs are being applied but multi-point constraints are NOT.
End of iteration -1 rel error 1.0, abs error 0.0033391950686535083
End of iteration 0 rel error 2.0974038311650075e-12, abs error 7.0036405300011686e-15
Time step = 160
|R| =  7.0036405300011686e-15
Cell ID =  0
e11 =  2.9592079866571948e-05
e22 =  0.00011911752359267325
e12 =  -6.392257624370158e-05
s11 =  7.911000709983601
s22 =  3.5252171727922574
s12 =  -0.5727462831435659
Global dimensionality : 2
# of batches : 4
WARNING: If using a solver that requires a Jacobian, Dirichlet BCs are being applied but multi-point constraints are NOT.
End of iteration -1 rel error 1.0, abs error 0.0033248370497275742
End of iteration 0 rel error 2.5554247274148427e-12, abs error 8.496370811498857e-15
Time step = 161
|R| =  8.496370811498857e-15
Cell ID =  0
e11 =  2.9806331016661996e-05
e22 =  0.00011981792194302519
e12 =  -6.463688697595755e-05
s11 =  7.9670203960812405
s22 =  3.5462573874663117
s12 =  -0.5791465073045794
Global dimensionality : 2
# of batches : 4
WARNING: If using a solver that requires a Jacobian, Dirichlet BCs are being applied but multi-point constraints are NOT.
End of iteration -1 rel error 1.0, abs error 0.0033110506919677377
End of iteration 0 rel error 2.408727566010663e-12, abs error 7.97541907420137e-15
Time step = 162
|R| =  7.97541907420137e-15
Cell ID =  0
e11 =  3.0019817307706e-05
e22 =  0.00012051773541591092
e12 =  -6.534615765879659e-05
s11 =  8.022854958335884
s22 =  3.567275485990554
s12 =  -0.5855015726228172
Global dimensionality : 2
# of batches : 4
WARNING: If using a solver that requires a Jacobian, Dirichlet BCs are being applied but multi-point constraints are NOT.
End of iteration -1 rel error 1.0, abs error 0.0032979749991398576
End of iteration 0 rel error 2.6470878114812323e-12, abs error 8.730029422792945e-15
Time step = 163
|R| =  8.730029422792945e-15
Cell ID =  0
e11 =  3.0232217335670007e-05
e22 =  0.00012121749653892321
e12 =  -6.605248729878654e-05
s11 =  8.078432643890988
s22 =  3.588283708076588
s12 =  -0.5918302861971272
Global dimensionality : 2
# of batches : 4
WARNING: If using a solver that requires a Jacobian, Dirichlet BCs are being applied but multi-point constraints are NOT.
End of iteration -1 rel error 1.0, abs error 0.003285520224482562
End of iteration 0 rel error 2.4233677166058013e-12, abs error 7.962023644266486e-15
Time step = 164
|R| =  7.962023644266486e-15
Cell ID =  0
e11 =  3.0443892826376737e-05
e22 =  0.00012191673636464275
e12 =  -6.675442950742478e-05
s11 =  8.133835219023652
s22 =  3.6092718859302795
s12 =  -0.5981196883865258
Global dimensionality : 2
# of batches : 4
WARNING: If using a solver that requires a Jacobian, Dirichlet BCs are being applied but multi-point constraints are NOT.
End of iteration -1 rel error 1.0, abs error 0.003273647808556329
End of iteration 0 rel error 2.2672146989056327e-12, abs error 7.422062430599122e-15
Time step = 165
|R| =  7.422062430599122e-15
Cell ID =  0
e11 =  3.065293428775332e-05
e22 =  0.00012261597460822514
e12 =  -6.744437529748818e-05
s11 =  8.188615878304768
s22 =  3.6302395831556376
s12 =  -0.6043016026654939
Global dimensionality : 2
# of batches : 4
WARNING: If using a solver that requires a Jacobian, Dirichlet BCs are being applied but multi-point constraints are NOT.
End of iteration -1 rel error 1.0, abs error 0.003262568910540141
End of iteration 0 rel error 2.088637223206425e-12, abs error 6.814322869830172e-15
Time step = 166
|R| =  6.814322869830172e-15
Cell ID =  0
e11 =  3.0861226701482105e-05
e22 =  0.0001233147526196501
e12 =  -6.813008650404206e-05
s11 =  8.24321611396514
s22 =  3.6511887354640358
s12 =  -0.6104455750762167
Global dimensionality : 2
# of batches : 4
WARNING: If using a solver that requires a Jacobian, Dirichlet BCs are being applied but multi-point constraints are NOT.
End of iteration -1 rel error 1.0, abs error 0.0032519918138312425
End of iteration 0 rel error 2.4249445376794168e-12, abs error 7.88589978552825e-15
Time step = 167
|R| =  7.88589978552825e-15
Cell ID =  0
e11 =  3.106879121262432e-05
e22 =  0.0001240130657682416
e12 =  -6.881177700660283e-05
s11 =  8.297640882499591
s22 =  3.6721193787986746
s12 =  -0.6165535219791611
Global dimensionality : 2
# of batches : 4
WARNING: If using a solver that requires a Jacobian, Dirichlet BCs are being applied but multi-point constraints are NOT.
End of iteration -1 rel error 1.0, abs error 0.003242027791630593
End of iteration 0 rel error 2.502347202314862e-12, abs error 8.112679174213844e-15
Time step = 168
|R| =  8.112679174213844e-15
Cell ID =  0
e11 =  3.127565707880718e-05
e22 =  0.00012471093939709873
e12 =  -6.948967978231784e-05
s11 =  8.351897288368207
s22 =  3.6930324413293496
s12 =  -0.6226275308495676
Global dimensionality : 2
# of batches : 4
WARNING: If using a solver that requires a Jacobian, Dirichlet BCs are being applied but multi-point constraints are NOT.
End of iteration -1 rel error 1.0, abs error 0.003232512085874623
End of iteration 0 rel error 2.430750242749308e-12, abs error 7.857429537429812e-15
Time step = 169
|R| =  7.857429537429812e-15
Cell ID =  0
e11 =  3.148184440178519e-05
e22 =  0.00012540836887685148
e12 =  -7.01639931278582e-05
s11 =  8.405990041747565
s22 =  3.713927950940607
s12 =  -0.6286693784256092
Global dimensionality : 2
# of batches : 4
WARNING: If using a solver that requires a Jacobian, Dirichlet BCs are being applied but multi-point constraints are NOT.
End of iteration -1 rel error 1.0, abs error 0.0032235544841142916
End of iteration 0 rel error 2.71598401916871e-12, abs error 8.755122463774052e-15
Time step = 170
|R| =  8.755122463774052e-15
Cell ID =  0
e11 =  3.168738119364486e-05
e22 =  0.0001261053794571257
e12 =  -7.083493302155794e-05
s11 =  8.459925952295977
s22 =  3.7348068235522454
s12 =  -0.6346809998731588
Global dimensionality : 2
# of batches : 4
WARNING: If using a solver that requires a Jacobian, Dirichlet BCs are being applied but multi-point constraints are NOT.
End of iteration -1 rel error 1.0, abs error 0.003215025023570276
End of iteration 0 rel error 2.388401562733051e-12, abs error 7.678770790521113e-15
Time step = 171
|R| =  7.678770790521113e-15
Cell ID =  0
e11 =  3.189228834748673e-05
e22 =  0.00012680197386711323
e12 =  -7.15026865436978e-05
s11 =  8.513709974123062
s22 =  3.755669296777665
s12 =  -0.6406640714315319
Global dimensionality : 2
# of batches : 4
WARNING: If using a solver that requires a Jacobian, Dirichlet BCs are being applied but multi-point constraints are NOT.
End of iteration -1 rel error 1.0, abs error 0.0032068976951765086
End of iteration 0 rel error 2.3987893784416604e-12, abs error 7.69267212893845e-15
Time step = 172
|R| =  7.69267212893845e-15
Cell ID =  0
e11 =  3.209658606307877e-05
e22 =  0.00012749815475072938
e12 =  -7.216743178274507e-05
s11 =  8.567346896978542
s22 =  3.7765156004915057
s12 =  -0.6466201887733956
Global dimensionality : 2
# of batches : 4
WARNING: If using a solver that requires a Jacobian, Dirichlet BCs are being applied but multi-point constraints are NOT.
End of iteration -1 rel error 1.0, abs error 0.003199249394407894
End of iteration 0 rel error 2.3969763570795364e-12, abs error 7.668525158796747e-15
Time step = 173
|R| =  7.668525158796747e-15
Cell ID =  0
e11 =  3.23003001778546e-05
e22 =  0.0001281939470224878
e12 =  -7.282935737706723e-05
s11 =  8.620843014477483
s22 =  3.79734662446938
s12 =  -0.6525510420985221
Global dimensionality : 2
# of batches : 4
WARNING: If using a solver that requires a Jacobian, Dirichlet BCs are being applied but multi-point constraints are NOT.
End of iteration -1 rel error 1.0, abs error 0.0031919195956969532
End of iteration 0 rel error 3.171548005388353e-12, abs error 1.012332622709267e-14
Time step = 174
|R| =  1.012332622709267e-14
Cell ID =  0
e11 =  3.250344729127512e-05
e22 =  0.00012888934559175568
e12 =  -7.348861668348127e-05
s11 =  8.674202206313804
s22 =  3.818162356660572
s12 =  -0.6584580054839919
Global dimensionality : 2
# of batches : 4
WARNING: If using a solver that requires a Jacobian, Dirichlet BCs are being applied but multi-point constraints are NOT.
End of iteration -1 rel error 1.0, abs error 0.003185338658662739
End of iteration 0 rel error 2.7349878893867726e-12, abs error 8.711862655038099e-15
Time step = 175
|R| =  8.711862655038099e-15
Cell ID =  0
e11 =  3.270718261148836e-05
e22 =  0.00012958427591969914
e12 =  -7.415499603781949e-05
s11 =  8.727696642858126
s22 =  3.8389696978092567
s12 =  -0.6644287644988623
Global dimensionality : 2
# of batches : 4
WARNING: If using a solver that requires a Jacobian, Dirichlet BCs are being applied but multi-point constraints are NOT.
End of iteration -1 rel error 1.0, abs error 0.003187390476613863
End of iteration 0 rel error 2.9361511968044935e-12, abs error 9.358660362593038e-15
Time step = 176
|R| =  9.358660362593038e-15
Cell ID =  0
e11 =  3.291710732118633e-05
e22 =  0.0001302782395607892
e12 =  -7.487612747498476e-05
s11 =  8.782644915687069
s22 =  3.8597983157943623
s12 =  -0.6708901021758631
Global dimensionality : 2
# of batches : 4
WARNING: If using a solver that requires a Jacobian, Dirichlet BCs are being applied but multi-point constraints are NOT.
End of iteration -1 rel error 1.0, abs error 0.0031964959622017967
End of iteration 0 rel error 3.280231852562096e-12, abs error 1.048524787180046e-14
Time step = 177
|R| =  1.048524787180046e-14
Cell ID =  0
e11 =  3.313190815521602e-05
e22 =  0.00013097137139396811
e12 =  -7.564080048069359e-05
s11 =  8.83873800478166
s22 =  3.8806417529689408
s12 =  -0.6777415723070142
Global dimensionality : 2
# of batches : 4
WARNING: If using a solver that requires a Jacobian, Dirichlet BCs are being applied but multi-point constraints are NOT.
End of iteration -1 rel error 1.0, abs error 0.003209150120037509
End of iteration 0 rel error 2.8887308599057553e-12, abs error 9.270370985822611e-15
Time step = 178
|R| =  9.270370985822611e-15
Cell ID =  0
e11 =  3.3350723086626285e-05
e22 =  0.0001316637428206414
e12 =  -7.644167663834026e-05
s11 =  8.89577293653896
s22 =  3.901495296514295
s12 =  -0.6849174226795283
Global dimensionality : 2
# of batches : 4
WARNING: If using a solver that requires a Jacobian, Dirichlet BCs are being applied but multi-point constraints are NOT.
End of iteration -1 rel error 1.0, abs error 0.00322270850370194
End of iteration 0 rel error 3.699244763445898e-12, abs error 1.1921587556431966e-14
Time step = 179
|R| =  1.1921587556431966e-14
Cell ID =  0
e11 =  3.357275411038903e-05
e22 =  0.00013235541977234122
e12 =  -7.727196109020543e-05
s11 =  8.95356181071736
s22 =  3.9223545790090544
s12 =  -0.6923567713682401
Global dimensionality : 2
# of batches : 4
WARNING: If using a solver that requires a Jacobian, Dirichlet BCs are being applied but multi-point constraints are NOT.
End of iteration -1 rel error 1.0, abs error 0.0032355022564464347
End of iteration 0 rel error 3.3677375491274058e-12, abs error 1.0896322439321107e-14
Time step = 180
|R| =  1.0896322439321107e-14
Cell ID =  0
e11 =  3.379729091365537e-05
e22 =  0.00013304647637804137
e12 =  -7.812558073179557e-05
s11 =  9.011937495108915
s22 =  3.9432161402144392
s12 =  -0.7000052033568878
Global dimensionality : 2
# of batches : 4
WARNING: If using a solver that requires a Jacobian, Dirichlet BCs are being applied but multi-point constraints are NOT.
End of iteration -1 rel error 1.0, abs error 0.003246483245894446
End of iteration 0 rel error 3.314010294785774e-12, abs error 1.0758878898743729e-14
Time step = 181
|R| =  1.0758878898743729e-14
Cell ID =  0
e11 =  3.402370546803349e-05
e22 =  0.00013373698817018326
e12 =  -7.899714939131397e-05
s11 =  9.070752296044189
s22 =  3.9640771971483812
s12 =  -0.7078144585461726
Global dimensionality : 2
# of batches : 4
WARNING: If using a solver that requires a Jacobian, Dirichlet BCs are being applied but multi-point constraints are NOT.
End of iteration -1 rel error 1.0, abs error 0.003254863748182004
End of iteration 0 rel error 3.851117404939518e-12, abs error 1.2534862431330393e-14
Time step = 182
|R| =  1.2534862431330393e-14
Cell ID =  0
e11 =  3.425143389727266e-05
e22 =  0.00013442698052804308
e12 =  -7.988189256787564e-05
s11 =  9.12987327727217
s22 =  3.984934076986015
s12 =  -0.7157417574081653
Global dimensionality : 2
# of batches : 4
WARNING: If using a solver that requires a Jacobian, Dirichlet BCs are being applied but multi-point constraints are NOT.
End of iteration -1 rel error 1.0, abs error 0.003260599276632112
End of iteration 0 rel error 4.01785375960653e-12, abs error 1.3100611062186664e-14
Time step = 183
|R| =  1.3100611062186664e-14
Cell ID =  0
e11 =  3.447999725881408e-05
e22 =  0.00013511651824594186
e12 =  -8.077568846888509e-05
s11 =  9.189187861497496
s22 =  4.005784856378473
s12 =  -0.72375016868121
Global dimensionality : 2
# of batches : 4
WARNING: If using a solver that requires a Jacobian, Dirichlet BCs are being applied but multi-point constraints are NOT.
End of iteration -1 rel error 1.0, abs error 0.0032636225771446215
End of iteration 0 rel error 3.3387905950399893e-12, abs error 1.0896552366330634e-14
Time step = 184
|R| =  1.0896552366330634e-14
Cell ID =  0
e11 =  3.4708979258805616e-05
e22 =  0.00013580564646455565
e12 =  -8.167496912597484e-05
s11 =  9.248598110516166
s22 =  4.026627554298017
s12 =  -0.7318077233687341
Global dimensionality : 2
# of batches : 4
WARNING: If using a solver that requires a Jacobian, Dirichlet BCs are being applied but multi-point constraints are NOT.
End of iteration -1 rel error 1.0, abs error 0.0032641587847866593
End of iteration 0 rel error 3.2292232163096406e-12, abs error 1.0540697329554144e-14
Time step = 185
|R| =  1.0540697329554144e-14
Cell ID =  0
e11 =  3.4938029613860324e-05
e22 =  0.00013649442065739187
e12 =  -8.257670408781767e-05
s11 =  9.308021751597026
s22 =  4.047460987755556
s12 =  -0.739887268626846
Global dimensionality : 2
# of batches : 4
WARNING: If using a solver that requires a Jacobian, Dirichlet BCs are being applied but multi-point constraints are NOT.
End of iteration -1 rel error 1.0, abs error 0.0032622716853668685
End of iteration 0 rel error 3.7831592895352914e-12, abs error 1.234169343148362e-14
Time step = 186
|R| =  1.234169343148362e-14
Cell ID =  0
e11 =  3.51668415647378e-05
e22 =  0.00013718284761540808
e12 =  -8.347829915905056e-05
s11 =  9.367386410495566
s22 =  4.068282964558568
s12 =  -0.7479655604650927
Global dimensionality : 2
# of batches : 4
WARNING: If using a solver that requires a Jacobian, Dirichlet BCs are being applied but multi-point constraints are NOT.
End of iteration -1 rel error 1.0, abs error 0.003168580939056088
End of iteration 0 rel error 3.6279906837683675e-12, abs error 1.1495582127661512e-14
Time step = 187
|R| =  1.1495582127661512e-14
Cell ID =  0
e11 =  3.5395646087059194e-05
e22 =  0.0001378684063856038
e12 =  -8.438066551831814e-05
s11 =  9.426727061846172
s22 =  4.089025529712389
s12 =  -0.7560507630441301
Global dimensionality : 2
# of batches : 4
WARNING: If using a solver that requires a Jacobian, Dirichlet BCs are being applied but multi-point constraints are NOT.
End of iteration -1 rel error 1.0, abs error 0.0031592338914767978
End of iteration 0 rel error 3.7135880521350915e-12, abs error 1.1732093233288488e-14
Time step = 188
|R| =  1.1732093233288488e-14
Cell ID =  0
e11 =  3.5621787808863436e-05
e22 =  0.00013855439243439977
e12 =  -8.528025698666347e-05
s11 =  9.485442331803258
s22 =  4.109759256277673
s12 =  -0.7641111026005043
Global dimensionality : 2
# of batches : 4
WARNING: If using a solver that requires a Jacobian, Dirichlet BCs are being applied but multi-point constraints are NOT.
End of iteration -1 rel error 1.0, abs error 0.003148374670038551
End of iteration 0 rel error 4.167909805320643e-12, abs error 1.312214165807682e-14
Time step = 189
|R| =  1.312214165807682e-14
Cell ID =  0
e11 =  3.584884867034676e-05
e22 =  0.00013923936455457694
e12 =  -8.618997303613292e-05
s11 =  9.544366747017175
s22 =  4.130472061932298
s12 =  -0.7722621584037506
Global dimensionality : 2
# of batches : 4
WARNING: If using a solver that requires a Jacobian, Dirichlet BCs are being applied but multi-point constraints are NOT.
End of iteration -1 rel error 1.0, abs error 0.003151975394606699
End of iteration 0 rel error 3.813792313910303e-12, abs error 1.2020979533585423e-14
Time step = 190
|R| =  1.2020979533585423e-14
Cell ID =  0
e11 =  3.6081741466925194e-05
e22 =  0.0001399210639072795
e12 =  -8.715068740395069e-05
s11 =  9.604642709905502
s22 =  4.151139568793027
s12 =  -0.7808701591393977
Global dimensionality : 2
# of batches : 4
WARNING: If using a solver that requires a Jacobian, Dirichlet BCs are being applied but multi-point constraints are NOT.
End of iteration -1 rel error 1.0, abs error 0.00315700915931697
End of iteration 0 rel error 5.045349871340661e-12, abs error 1.5928215755781163e-14
Time step = 191
|R| =  1.5928215755781163e-14
Cell ID =  0
e11 =  3.631989060918074e-05
e22 =  0.0001405997755206171
e12 =  -8.815747144469047e-05
s11 =  9.666136533255601
s22 =  4.171765196846723
s12 =  -0.7898909441444262
Global dimensionality : 2
# of batches : 4
WARNING: If using a solver that requires a Jacobian, Dirichlet BCs are being applied but multi-point constraints are NOT.
End of iteration -1 rel error 1.0, abs error 0.0031726123562716983
End of iteration 0 rel error 4.22122467170623e-12, abs error 1.3392309552054128e-14
Time step = 192
|R| =  1.3392309552054128e-14
Cell ID =  0
e11 =  3.6562451602499184e-05
e22 =  0.0001412758783385763
e12 =  -8.920318733304745e-05
s11 =  9.728651769066238
s22 =  4.192352878069844
s12 =  -0.7992605585041047
Global dimensionality : 2
# of batches : 4
WARNING: If using a solver that requires a Jacobian, Dirichlet BCs are being applied but multi-point constraints are NOT.
End of iteration -1 rel error 1.0, abs error 0.0031932824799927894
End of iteration 0 rel error 4.075180803520029e-12, abs error 1.3013203462683445e-14
Time step = 193
|R| =  1.3013203462683445e-14
Cell ID =  0
e11 =  3.680866264225664e-05
e22 =  0.00014194966240728643
e12 =  -9.028144717616139e-05
s11 =  9.792010802994355
s22 =  4.212904726479651
s12 =  -0.8089217666984055
Global dimensionality : 2
# of batches : 4
WARNING: If using a solver that requires a Jacobian, Dirichlet BCs are being applied but multi-point constraints are NOT.
End of iteration -1 rel error 1.0, abs error 0.003215214351147396
End of iteration 0 rel error 3.8262220459543555e-12, abs error 1.2302124032828995e-14
Time step = 194
|R| =  1.2302124032828995e-14
Cell ID =  0
e11 =  3.7057829998597224e-05
e22 =  0.00014262143729916842
e12 =  -9.138637187637843e-05
s11 =  9.856052244888922
s22 =  4.233423924503542
s12 =  -0.8188218920123502
Global dimensionality : 2
# of batches : 4
WARNING: If using a solver that requires a Jacobian, Dirichlet BCs are being applied but multi-point constraints are NOT.
End of iteration -1 rel error 1.0, abs error 0.003235567826051508
End of iteration 0 rel error 4.156848199790444e-12, abs error 1.3449764293022092e-14
Time step = 195
|R| =  1.3449764293022092e-14
Cell ID =  0
e11 =  3.730931763382274e-05
e22 =  0.00014329149009135764
e12 =  -9.251257096055737e-05
s11 =  9.920628151383983
s22 =  4.25391347981374
s12 =  -0.8289126358065936
Global dimensionality : 2
# of batches : 4
WARNING: If using a solver that requires a Jacobian, Dirichlet BCs are being applied but multi-point constraints are NOT.
End of iteration -1 rel error 1.0, abs error 0.0032522989989338673
End of iteration 0 rel error 3.595735211982512e-12, abs error 1.169440603036198e-14
Time step = 196
|R| =  1.169440603036198e-14
Cell ID =  0
e11 =  3.7562534311696244e-05
e22 =  0.00014396004308878536
e12 =  -9.365509989052266e-05
s11 =  9.985600654342624
s22 =  4.274374955637752
s12 =  -0.8391496950190827
Global dimensionality : 2
# of batches : 4
WARNING: If using a solver that requires a Jacobian, Dirichlet BCs are being applied but multi-point constraints are NOT.
End of iteration -1 rel error 1.0, abs error 0.0032644911467778048
End of iteration 0 rel error 3.71746852822815e-12, abs error 1.2135643098825913e-14
Time step = 197
|R| =  1.2135643098825913e-14
Cell ID =  0
e11 =  3.7816956660747946e-05
e22 =  0.00014462734377298345
e12 =  -9.480952798951686e-05
s11 =  10.050848104077524
s22 =  4.294811138310704
s12 =  -0.8494933707860707
Global dimensionality : 2
# of batches : 4
WARNING: If using a solver that requires a Jacobian, Dirichlet BCs are being applied but multi-point constraints are NOT.
End of iteration -1 rel error 1.0, abs error 0.003271584217203879
End of iteration 0 rel error 4.502677096936475e-12, abs error 1.4730887325502752e-14
Time step = 198
|R| =  1.4730887325502752e-14
Cell ID =  0
e11 =  3.807211014767955e-05
e22 =  0.00014529360709721964
e12 =  -9.59718638155745e-05
s11 =  10.116260129385521
s22 =  4.315224293134474
s12 =  -0.8599078997875471
Global dimensionality : 2
# of batches : 4
WARNING: If using a solver that requires a Jacobian, Dirichlet BCs are being applied but multi-point constraints are NOT.
End of iteration -1 rel error 1.0, abs error 0.0032735796613834406
End of iteration 0 rel error 4.16233112375888e-12, abs error 1.3625722510680351e-14
Time step = 199
|R| =  1.3625722510680351e-14
Cell ID =  0
e11 =  3.8327575485274026e-05
e22 =  0.0001459590454346938
e12 =  -9.71385666530026e-05
s11 =  10.1817393828391
s22 =  4.335617042670546
s12 =  -0.8703615572109029
Global dimensionality : 2
# of batches : 4
WARNING: If using a solver that requires a Jacobian, Dirichlet BCs are being applied but multi-point constraints are NOT.
End of iteration -1 rel error 1.0, abs error 0.003270558315349916
End of iteration 0 rel error 3.764569725816433e-12, abs error 1.2312244820483488e-14
Time step = 200
|R| =  1.2312244820483488e-14
Cell ID =  0
e11 =  3.8582969224986664e-05
e22 =  0.00014662381039235
e12 =  -9.830646667871758e-05
s11 =  10.247196507175103
s22 =  4.355990606327761
s12 =  -0.8808259414413091
Global dimensionality : 2
# of batches : 4
WARNING: If using a solver that requires a Jacobian, Dirichlet BCs are being applied but multi-point constraints are NOT.
End of iteration -1 rel error 1.0, abs error 0.0032631488311529303
End of iteration 0 rel error 3.985389653942222e-12, abs error 1.3004919590950543e-14
Time step = 201
|R| =  1.3004919590950543e-14
Cell ID =  0
e11 =  3.883796555715639e-05
e22 =  0.00014728808130609356
e12 =  -9.947282134602166e-05
s11 =  10.31255596901617
s22 =  4.376347417898223
s12 =  -0.8912764792603537
Global dimensionality : 2
# of batches : 4
WARNING: If using a solver that requires a Jacobian, Dirichlet BCs are being applied but multi-point constraints are NOT.
End of iteration -1 rel error 1.0, abs error 0.0032519255420377247
End of iteration 0 rel error 3.833644616468589e-12, abs error 1.2466726847389622e-14
Time step = 202
|R| =  1.2466726847389622e-14
Cell ID =  0
e11 =  3.909022106678552e-05
e22 =  0.0001479526749176861
e12 =  -0.00010063538244117157
s11 =  10.377270816770856
s22 =  4.396691892093846
s12 =  -0.901693026672897
Global dimensionality : 2
# of batches : 4
WARNING: If using a solver that requires a Jacobian, Dirichlet BCs are being applied but multi-point constraints are NOT.
End of iteration -1 rel error 1.0, abs error 0.0032373647646650053
End of iteration 0 rel error 3.9142896759362655e-12, abs error 1.2671983475568068e-14
Time step = 203
|R| =  1.2671983475568068e-14
Cell ID =  0
e11 =  3.934143372586148e-05
e22 =  0.00014861708176183578
e12 =  -0.00010179195668831624
s11 =  10.441737994759645
s22 =  4.417023107755184
s12 =  -0.9120559319273132
Global dimensionality : 2
# of batches : 4
WARNING: If using a solver that requires a Jacobian, Dirichlet BCs are being applied but multi-point constraints are NOT.
End of iteration -1 rel error 1.0, abs error 0.0032202765508270543
End of iteration 0 rel error 3.7609742330795475e-12, abs error 1.211137713105083e-14
Time step = 204
|R| =  1.211137713105083e-14
Cell ID =  0
e11 =  3.959139059164286e-05
e22 =  0.00014928143617180426
e12 =  -0.00010294079399262787
s11 =  10.505908268715677
s22 =  4.437343129298052
s12 =  -0.9223495141739454
Global dimensionality : 2
# of batches : 4
WARNING: If using a solver that requires a Jacobian, Dirichlet BCs are being applied but multi-point constraints are NOT.
End of iteration -1 rel error 1.0, abs error 0.0032012287783141124
End of iteration 0 rel error 4.152330126100978e-12, abs error 1.3292558696735119e-14
Time step = 205
|R| =  1.3292558696735119e-14
Cell ID =  0
e11 =  3.983990723027625e-05
e22 =  0.00014994584319782663
e12 =  -0.00010408040493639219
s11 =  10.569738908220113
s22 =  4.457653432160397
s12 =  -0.9325604282300737
Global dimensionality : 2
# of batches : 4
WARNING: If using a solver that requires a Jacobian, Dirichlet BCs are being applied but multi-point constraints are NOT.
End of iteration -1 rel error 1.0, abs error 0.0031808603616674995
End of iteration 0 rel error 4.1209046242284535e-12, abs error 1.3108022173420589e-14
Time step = 206
|R| =  1.3108022173420589e-14
Cell ID =  0
e11 =  4.008683320332316e-05
e22 =  0.00015061040844512106
e12 =  -0.00010520956490780206
s11 =  10.633195213596963
s22 =  4.47795577089782
s12 =  -0.9426777015739061
Global dimensionality : 2
# of batches : 4
WARNING: If using a solver that requires a Jacobian, Dirichlet BCs are being applied but multi-point constraints are NOT.
End of iteration -1 rel error 1.0, abs error 0.0031595198738294614
End of iteration 0 rel error 4.251422676893809e-12, abs error 1.3432454439695239e-14
Time step = 207
|R| =  1.3432454439695239e-14
Cell ID =  0
e11 =  4.033203303463846e-05
e22 =  0.0001512751802006294
e12 =  -0.00010632723364088374
s11 =  10.696245573100324
s22 =  4.498250430333115
s12 =  -0.9526920134223179
Global dimensionality : 2
# of batches : 4
WARNING: If using a solver that requires a Jacobian, Dirichlet BCs are being applied but multi-point constraints are NOT.
End of iteration -1 rel error 1.0, abs error 0.0030676932645555834
End of iteration 0 rel error 4.77012521581079e-12, abs error 1.4633280995629508e-14
Time step = 208
|R| =  1.4633280995629508e-14
Cell ID =  0
e11 =  4.0576418439386506e-05
e22 =  0.00015193384149013689
e12 =  -0.0001074314285655407
s11 =  10.759056233866229
s22 =  4.518369712846366
s12 =  -0.9625855999472444
Global dimensionality : 2
# of batches : 4
WARNING: If using a solver that requires a Jacobian, Dirichlet BCs are being applied but multi-point constraints are NOT.
End of iteration -1 rel error 1.0, abs error 0.002987960000255105
End of iteration 0 rel error 4.4920546999438114e-12, abs error 1.3422079762390057e-14
Time step = 209
|R| =  1.3422079762390057e-14
Cell ID =  0
e11 =  4.0818554924750216e-05
e22 =  0.00015258754642977435
e12 =  -0.00010853322982332634
s11 =  10.821297461636073
s22 =  4.538334419397417
s12 =  -0.9724577392170037
Global dimensionality : 2
# of batches : 4
WARNING: If using a solver that requires a Jacobian, Dirichlet BCs are being applied but multi-point constraints are NOT.
End of iteration -1 rel error 1.0, abs error 0.0029610110885950626
End of iteration 0 rel error 4.126399609729749e-12, abs error 1.2218315000384124e-14
Time step = 210
|R| =  1.2218315000384124e-14
Cell ID =  0
e11 =  4.105875526646838e-05
e22 =  0.0001532411501304753
e12 =  -0.00010962194632047973
s11 =  10.883080773600387
s22 =  4.558281302862169
s12 =  -0.982212639031498
Global dimensionality : 2
# of batches : 4
WARNING: If using a solver that requires a Jacobian, Dirichlet BCs are being applied but multi-point constraints are NOT.
End of iteration -1 rel error 1.0, abs error 0.002934557314647274
End of iteration 0 rel error 3.8209125800546e-12, abs error 1.1212686960427014e-14
Time step = 211
|R| =  1.1212686960427014e-14
Cell ID =  0
e11 =  4.12969814435278e-05
e22 =  0.00015389468848757464
e12 =  -0.00011069727351676868
s11 =  10.944397471368443
s22 =  4.578211061358408
s12 =  -0.9918475707102471
Global dimensionality : 2
# of batches : 4
WARNING: If using a solver that requires a Jacobian, Dirichlet BCs are being applied but multi-point constraints are NOT.
End of iteration -1 rel error 1.0, abs error 0.0029087494996277376
End of iteration 0 rel error 5.200298933781097e-12, abs error 1.5126366921550423e-14
Time step = 212
|R| =  1.5126366921550423e-14
Cell ID =  0
e11 =  4.1533207552313075e-05
e22 =  0.00015454817433187108
e12 =  -0.00011175902273250708
s11 =  11.005241538557017
s22 =  4.598123848894749
s12 =  -1.001360843683263
Global dimensionality : 2
# of batches : 4
WARNING: If using a solver that requires a Jacobian, Dirichlet BCs are being applied but multi-point constraints are NOT.
End of iteration -1 rel error 1.0, abs error 0.0028837937915192975
End of iteration 0 rel error 4.487391988779846e-12, abs error 1.2940713157356752e-14
Time step = 213
|R| =  1.2940713157356752e-14
Cell ID =  0
e11 =  4.1767426063602586e-05
e22 =  0.00015520162717374338
e12 =  -0.00011280713407558568
s11 =  11.065611348867186
s22 =  4.618020146846315
s12 =  -1.0107519213172473
Global dimensionality : 2
# of batches : 4
WARNING: If using a solver that requires a Jacobian, Dirichlet BCs are being applied but multi-point constraints are NOT.
End of iteration -1 rel error 1.0, abs error 0.0028596287223043512
End of iteration 0 rel error 4.498840137249178e-12, abs error 1.28650124735334e-14
Time step = 214
|R| =  1.28650124735334e-14
Cell ID =  0
e11 =  4.1999629991095135e-05
e22 =  0.00015585501693775764
e12 =  -0.00011384160500961781
s11 =  11.12550501946001
s22 =  4.637899068912362
s12 =  -1.0200207808861752
Global dimensionality : 2
# of batches : 4
WARNING: If using a solver that requires a Jacobian, Dirichlet BCs are being applied but multi-point constraints are NOT.
End of iteration -1 rel error 1.0, abs error 0.002836485682640946
End of iteration 0 rel error 4.613420652411131e-12, abs error 1.3085901628564226e-14
Time step = 215
|R| =  1.3085901628564226e-14
Cell ID =  0
e11 =  4.222885952059815e-05
e22 =  0.00015650689582749362
e12 =  -0.0001148495866615841
s11 =  11.184684701698917
s22 =  4.657713111992239
s12 =  -1.029052296487793
Global dimensionality : 2
# of batches : 4
WARNING: If using a solver that requires a Jacobian, Dirichlet BCs are being applied but multi-point constraints are NOT.
End of iteration -1 rel error 1.0, abs error 0.00281449484071999
End of iteration 0 rel error 4.1983676189864715e-12, abs error 1.1816284003083293e-14
Time step = 216
|R| =  1.1816284003083293e-14
Cell ID =  0
e11 =  4.2456084858430105e-05
e22 =  0.00015715868341456408
e12 =  -0.00011584378155904152
s11 =  11.243390478847816
s22 =  4.677509078922449
s12 =  -1.0379602827690115
Global dimensionality : 2
# of batches : 4
WARNING: If using a solver that requires a Jacobian, Dirichlet BCs are being applied but multi-point constraints are NOT.
End of iteration -1 rel error 1.0, abs error 0.002793401040787039
End of iteration 0 rel error 4.092678682882515e-12, abs error 1.1432492892370946e-14
Time step = 217
|R| =  1.1432492892370946e-14
Cell ID =  0
e11 =  4.2681327247431146e-05
e22 =  0.00015781033579769315
e12 =  -0.00011682440182644638
s11 =  11.301627025795515
s22 =  4.697285919907065
s12 =  -1.046746640364959
Global dimensionality : 2
# of batches : 4
WARNING: If using a solver that requires a Jacobian, Dirichlet BCs are being applied but multi-point constraints are NOT.
End of iteration -1 rel error 1.0, abs error 0.002773361513489946
End of iteration 0 rel error 4.960826424412433e-12, abs error 1.3758165080569384e-14
Time step = 218
|R| =  1.3758165080569384e-14
Cell ID =  0
e11 =  4.2904627499953895e-05
e22 =  0.00015846184856338372
e12 =  -0.00011779176020578126
s11 =  11.359403944238451
s22 =  4.717043829492164
s12 =  -1.0554141714437995
Global dimensionality : 2
# of batches : 4
WARNING: If using a solver that requires a Jacobian, Dirichlet BCs are being applied but multi-point constraints are NOT.
End of iteration -1 rel error 1.0, abs error 0.002754291591991857
End of iteration 0 rel error 5.376326316168303e-12, abs error 1.480797036842691e-14
Time step = 219
|R| =  1.480797036842691e-14
Cell ID =  0
e11 =  4.312602810703941e-05
e22 =  0.0001591132007328528
e12 =  -0.00011874619843331094
s11 =  11.416731103690882
s22 =  4.736782556937441
s12 =  -1.0639659379624653
Global dimensionality : 2
# of batches : 4
WARNING: If using a solver that requires a Jacobian, Dirichlet BCs are being applied but multi-point constraints are NOT.
End of iteration -1 rel error 1.0, abs error 0.0025523030162859202
End of iteration 0 rel error 5.494035261702677e-12, abs error 1.4022442770024946e-14
Time step = 220
|R| =  1.4022442770024946e-14
Cell ID =  0
e11 =  4.334480927974625e-05
e22 =  0.00015975628705527218
e12 =  -0.00011969563725867401
s11 =  11.47337567259356
s22 =  4.756272269978812
s12 =  -1.0724729098377184
Global dimensionality : 2
# of batches : 4
WARNING: If using a solver that requires a Jacobian, Dirichlet BCs are being applied but multi-point constraints are NOT.
End of iteration -1 rel error 1.0, abs error 0.002526710855118685
End of iteration 0 rel error 5.009185700699472e-12, abs error 1.2656763885262652e-14
Time step = 221
|R| =  1.2656763885262652e-14
Cell ID =  0
e11 =  4.356107547806913e-05
e22 =  0.00016039613066785527
e12 =  -0.00012061681541988953
s11 =  11.529401287737219
s22 =  4.775652753990941
s12 =  -1.0807266661622095
Global dimensionality : 2
# of batches : 4
WARNING: If using a solver that requires a Jacobian, Dirichlet BCs are being applied but multi-point constraints are NOT.
End of iteration -1 rel error 1.0, abs error 0.0025019853357394943
End of iteration 0 rel error 5.0413258842921495e-12, abs error 1.2613323435182897e-14
Time step = 222
|R| =  1.2613323435182897e-14
Cell ID =  0
e11 =  4.377554270800635e-05
e22 =  0.00016103523935023174
e12 =  -0.00012152599298696082
s11 =  11.584996457964518
s22 =  4.794998946924014
s12 =  -1.0888728971631683
Global dimensionality : 2
# of batches : 4
WARNING: If using a solver that requires a Jacobian, Dirichlet BCs are being applied but multi-point constraints are NOT.
End of iteration -1 rel error 1.0, abs error 0.002477934960660239
End of iteration 0 rel error 5.86852351422929e-12, abs error 1.4541819583365443e-14
Time step = 223
|R| =  1.4541819583365443e-14
Cell ID =  0
e11 =  4.398826919202501e-05
e22 =  0.00016167358600627398
e12 =  -0.0001224236165736678
s11 =  11.640174719571526
s22 =  4.814310550846133
s12 =  -1.0969156045000628
Global dimensionality : 2
# of batches : 4
WARNING: If using a solver that requires a Jacobian, Dirichlet BCs are being applied but multi-point constraints are NOT.
End of iteration -1 rel error 1.0, abs error 0.0024543649241858326
End of iteration 0 rel error 4.828137228958207e-12, abs error 1.1850010663910806e-14
Time step = 224
|R| =  1.1850010663910806e-14
Cell ID =  0
e11 =  4.419930330974615e-05
e22 =  0.00016231110177509348
e12 =  -0.00012331010453848633
s11 =  11.694946960880168
s22 =  4.833586035953312
s12 =  -1.1048585366648367
Global dimensionality : 2
# of batches : 4
WARNING: If using a solver that requires a Jacobian, Dirichlet BCs are being applied but multi-point constraints are NOT.
End of iteration -1 rel error 1.0, abs error 0.002431383025176156
End of iteration 0 rel error 5.231705067648325e-12, abs error 1.272027889420821e-14
Time step = 225
|R| =  1.272027889420821e-14
Cell ID =  0
e11 =  4.440870596513856e-05
e22 =  0.00016294775980603182
e12 =  -0.000124185921211397
s11 =  11.749327353203018
s22 =  4.852825131910218
s12 =  -1.1127058540541164
Global dimensionality : 2
# of batches : 4
WARNING: If using a solver that requires a Jacobian, Dirichlet BCs are being applied but multi-point constraints are NOT.
End of iteration -1 rel error 1.0, abs error 0.0024088957574767552
End of iteration 0 rel error 6.588648025605555e-12, abs error 1.5871366276388822e-14
Time step = 226
|R| =  1.5871366276388822e-14
Cell ID =  0
e11 =  4.461653421315931e-05
e22 =  0.0001635835200331788
e12 =  -0.00012505151581680257
s11 =  11.803329056553226
s22 =  4.872027172892155
s12 =  -1.1204615817185501
Global dimensionality : 2
# of batches : 4
WARNING: If using a solver that requires a Jacobian, Dirichlet BCs are being applied but multi-point constraints are NOT.
End of iteration -1 rel error 1.0, abs error 0.002386913484857805
End of iteration 0 rel error 5.191019504077853e-12, abs error 1.2390514454443303e-14
Time step = 227
|R| =  1.2390514454443303e-14
Cell ID =  0
e11 =  4.4822848798138165e-05
e22 =  0.00016421835699156523
e12 =  -0.0001259073482735874
s11 =  11.856966215303288
s22 =  4.891191925662984
s12 =  -1.1281298405313422
Global dimensionality : 2
# of batches : 4
WARNING: If using a solver that requires a Jacobian, Dirichlet BCs are being applied but multi-point constraints are NOT.
End of iteration -1 rel error 1.0, abs error 0.002365251643575544
End of iteration 0 rel error 6.192082843169669e-12, abs error 1.4645834121962987e-14
Time step = 228
|R| =  1.4645834121962987e-14
Cell ID =  0
e11 =  4.502769814729902e-05
e22 =  0.00016485220498343113
e12 =  -0.00012675383003530596
s11 =  11.910249753556354
s22 =  4.91031794830218
s12 =  -1.1357143171163404
Global dimensionality : 2
# of batches : 4
WARNING: If using a solver that requires a Jacobian, Dirichlet BCs are being applied but multi-point constraints are NOT.
End of iteration -1 rel error 1.0, abs error 0.0023440268386109354
End of iteration 0 rel error 6.522018589751687e-12, abs error 1.5287786616297397e-14
Time step = 229
|R| =  1.5287786616297397e-14
Cell ID =  0
e11 =  4.5231141421723556e-05
e22 =  0.00016548504080591777
e12 =  -0.00012759140534727216
s11 =  11.963193459425705
s22 =  4.92940505787523
s12 =  -1.1432189919115576
Global dimensionality : 2
# of batches : 4
WARNING: If using a solver that requires a Jacobian, Dirichlet BCs are being applied but multi-point constraints are NOT.
End of iteration -1 rel error 1.0, abs error 0.002323208546748931
End of iteration 0 rel error 4.874190922898829e-12, abs error 1.1323762010564618e-14
Time step = 230
|R| =  1.1323762010564618e-14
Cell ID =  0
e11 =  4.54332364052273e-05
e22 =  0.00016611684247515803
e12 =  -0.00012842050631912646
s11 =  12.015810805305136
s22 =  4.948453094487495
s12 =  -1.1506477366193721
Global dimensionality : 2
# of batches : 4
WARNING: If using a solver that requires a Jacobian, Dirichlet BCs are being applied but multi-point constraints are NOT.
End of iteration -1 rel error 1.0, abs error 0.002302625689865969
End of iteration 0 rel error 5.8367677926366784e-12, abs error 1.3439891465107502e-14
Time step = 231
|R| =  1.3439891465107502e-14
Cell ID =  0
e11 =  4.563402789556575e-05
e22 =  0.00016674754836416917
e12 =  -0.00012924151109257174
s11 =  12.068111889951828
s22 =  4.9674607006841995
s12 =  -1.158003939389442
Global dimensionality : 2
# of batches : 4
WARNING: If using a solver that requires a Jacobian, Dirichlet BCs are being applied but multi-point constraints are NOT.
End of iteration -1 rel error 1.0, abs error 0.002282402520181723
End of iteration 0 rel error 5.12173382326989e-12, abs error 1.168985818593117e-14
Time step = 232
|R| =  1.168985818593117e-14
Cell ID =  0
e11 =  4.583357073746028e-05
e22 =  0.0001673771393365871
e12 =  -0.00013005482594681729
s11 =  12.120109513922273
s22 =  4.986427772548645
s12 =  -1.165291240483482
Global dimensionality : 2
# of batches : 4
WARNING: If using a solver that requires a Jacobian, Dirichlet BCs are being applied but multi-point constraints are NOT.
End of iteration -1 rel error 1.0, abs error 0.0022624709927354138
End of iteration 0 rel error 5.556409778087626e-12, abs error 1.2571215946674671e-14
Time step = 233
|R| =  1.2571215946674671e-14
Cell ID =  0
e11 =  4.603191408640058e-05
e22 =  0.0001680055840793681
e12 =  -0.000130860827709921
s11 =  12.171815040049198
s22 =  5.005353825131033
s12 =  -1.1725130162808914
Global dimensionality : 2
# of batches : 4
WARNING: If using a solver that requires a Jacobian, Dirichlet BCs are being applied but multi-point constraints are NOT.
End of iteration -1 rel error 1.0, abs error 0.0022428624122126173
End of iteration 0 rel error 5.914394243729361e-12, abs error 1.3265172540267253e-14
Time step = 234
|R| =  1.3265172540267253e-14
Cell ID =  0
e11 =  4.622910919818763e-05
e22 =  0.00016863286632254852
e12 =  -0.0001316598923420766
s11 =  12.22324044377216
s22 =  5.024238805973581
s12 =  -1.1796726353850056
Global dimensionality : 2
# of batches : 4
WARNING: If using a solver that requires a Jacobian, Dirichlet BCs are being applied but multi-point constraints are NOT.
End of iteration -1 rel error 1.0, abs error 0.002224321662457747
End of iteration 0 rel error 5.527408015658568e-12, abs error 1.2294733386471941e-14
Time step = 235
|R| =  1.2294733386471941e-14
Cell ID =  0
e11 =  4.6429677573055794e-05
e22 =  0.00016926044831052124
e12 =  -0.00013249048561477693
s11 =  12.275464612410207
s22 =  5.043158252248529
s12 =  -1.1871147511084006
Global dimensionality : 2
# of batches : 4
WARNING: If using a solver that requires a Jacobian, Dirichlet BCs are being applied but multi-point constraints are NOT.
End of iteration -1 rel error 1.0, abs error 0.002235701681905377
End of iteration 0 rel error 5.564572498664618e-12, abs error 1.2440724094348892e-14
Time step = 236
|R| =  1.2440724094348892e-14
Cell ID =  0
e11 =  4.665812587898362e-05
e22 =  0.0001698931321792776
e12 =  -0.000133555143200547
s11 =  12.334310915064588
s22 =  5.062435166276135
s12 =  -1.1966540830769004
Global dimensionality : 2
# of batches : 4
WARNING: If using a solver that requires a Jacobian, Dirichlet BCs are being applied but multi-point constraints are NOT.
End of iteration -1 rel error 1.0, abs error 0.0022860113042807335
End of iteration 0 rel error 5.9457724027828894e-12, abs error 1.3592102925442104e-14
Time step = 237
|R| =  1.3592102925442104e-14
Cell ID =  0
e11 =  4.6913978591072904e-05
e22 =  0.00017053405186966003
e12 =  -0.00013485667917122857
s11 =  12.399691394195813
s22 =  5.0821525651516515
s12 =  -1.208315845374207
Global dimensionality : 2
# of batches : 4
WARNING: If using a solver that requires a Jacobian, Dirichlet BCs are being applied but multi-point constraints are NOT.
End of iteration -1 rel error 1.0, abs error 0.0024807815789818235
End of iteration 0 rel error 5.962557049839049e-12, abs error 1.4791801692868918e-14
Time step = 238
|R| =  1.4791801692868918e-14
Cell ID =  0
e11 =  4.7221961305023404e-05
e22 =  0.00017119127744213104
e12 =  -0.0001366073402403029
s11 =  12.47750646361771
s22 =  5.102725563314562
s12 =  -1.224001768553113
Global dimensionality : 2
# of batches : 4
WARNING: If using a solver that requires a Jacobian, Dirichlet BCs are being applied but multi-point constraints are NOT.
End of iteration -1 rel error 1.0, abs error 0.002848297094948255
End of iteration 0 rel error 4.623225943997368e-12, abs error 1.3168321025577108e-14
Time step = 239
|R| =  1.3168321025577108e-14
Cell ID =  0
e11 =  4.760030848027115e-05
e22 =  0.0001718678989688498
e12 =  -0.00013894949602677144
s11 =  12.572085318437878
s22 =  5.1243811308091365
s12 =  -1.2449874843998712
Global dimensionality : 2
# of batches : 4
WARNING: If using a solver that requires a Jacobian, Dirichlet BCs are being applied but multi-point constraints are NOT.
End of iteration -1 rel error 1.0, abs error 0.0037803824693538276
End of iteration 0 rel error 3.4611113271024035e-12, abs error 1.3084324585459888e-14
Time step = 240
|R| =  1.3084324585459888e-14
Cell ID =  0
e11 =  4.815127785568553e-05
e22 =  0.0001725965398765643
e12 =  -0.0001427786727885913
s11 =  12.707824487960826
s22 =  5.148815253744432
s12 =  -1.2792969081857772
Global dimensionality : 2
# of batches : 4
WARNING: If using a solver that requires a Jacobian, Dirichlet BCs are being applied but multi-point constraints are NOT.
End of iteration -1 rel error 1.0, abs error 0.004901867328148455
End of iteration 0 rel error 2.3502211222777025e-12, abs error 1.1520472133217465e-14
Time step = 241
|R| =  1.1520472133217465e-14
Cell ID =  0
e11 =  4.889625019638979e-05
e22 =  0.00017337743523403436
e12 =  -0.0001482902499854163
s11 =  12.889773869772648
s22 =  5.176200324420033
s12 =  -1.3286806398693292
Global dimensionality : 2
# of batches : 4
WARNING: If using a solver that requires a Jacobian, Dirichlet BCs are being applied but multi-point constraints are NOT.
End of iteration -1 rel error 1.0, abs error 0.008006105545154484
End of iteration 0 rel error 1.5612266768402292e-12, abs error 1.2499345554693665e-14
Time step = 242
|R| =  1.2499345554693665e-14
Cell ID =  0
e11 =  5.022708843090565e-05
e22 =  0.00017435628506216736
e12 =  -0.00015900216886086474
s11 =  13.211584132081498
s22 =  5.213607796665331
s12 =  -1.424659432993347
Global dimensionality : 2
# of batches : 4
WARNING: If using a solver that requires a Jacobian, Dirichlet BCs are being applied but multi-point constraints are NOT.
End of iteration -1 rel error 1.0, abs error 0.00998659899250692
End of iteration 0 rel error 1.4021439812117524e-12, abs error 1.4002649670118928e-14
Time step = 243
|R| =  1.4002649670118928e-14
Cell ID =  0
e11 =  5.1888894582276415e-05
e22 =  0.00017538398365641588
e12 =  -0.00017271712141073484
s11 =  13.611916088840575
s22 =  5.254934672763985
s12 =  -1.5475454078401831
Global dimensionality : 2
# of batches : 4
WARNING: If using a solver that requires a Jacobian, Dirichlet BCs are being applied but multi-point constraints are NOT.
End of iteration -1 rel error 1.0, abs error 0.011946879067024364
End of iteration 0 rel error 1.2143257883658817e-12, abs error 1.450740334157621e-14
Time step = 244
|R| =  1.450740334157621e-14
Cell ID =  0
e11 =  5.3704347327743924e-05
e22 =  0.00017648092679468057
e12 =  -0.00018826277890339656
s11 =  14.049061799322226
s22 =  5.2993694444867385
s12 =  -1.6868344989744322
Global dimensionality : 2
# of batches : 4
WARNING: If using a solver that requires a Jacobian, Dirichlet BCs are being applied but multi-point constraints are NOT.
End of iteration -1 rel error 1.0, abs error 0.01271741235107291
End of iteration 0 rel error 9.968416919027546e-13, abs error 1.2677246844668507e-14
Time step = 245
|R| =  1.2677246844668507e-14
Cell ID =  0
e11 =  5.526489572444851e-05
e22 =  0.00017761252512393078
e12 =  -0.00020226883570843298
s11 =  14.426292579805464
s22 =  5.342785272797314
s12 =  -1.8123287679475586
Global dimensionality : 2
# of batches : 4
WARNING: If using a solver that requires a Jacobian, Dirichlet BCs are being applied but multi-point constraints are NOT.
End of iteration -1 rel error 1.0, abs error 0.011800606098837678
End of iteration 0 rel error 1.0425988246634937e-12, abs error 1.2303298048965019e-14
Time step = 246
|R| =  1.2303298048965019e-14
Cell ID =  0
e11 =  5.64263528810537e-05
e22 =  0.00017868269856891907
e12 =  -0.00021319212275987818
s11 =  14.708819934617196
s22 =  5.381405200494174
s12 =  -1.9102014199285076
Global dimensionality : 2
# of batches : 4
WARNING: If using a solver that requires a Jacobian, Dirichlet BCs are being applied but multi-point constraints are NOT.
End of iteration -1 rel error 1.0, abs error 0.010563045016139819
End of iteration 0 rel error 1.44149220893922e-12, abs error 1.5226547093439806e-14
Time step = 247
|R| =  1.5226547093439806e-14
Cell ID =  0
e11 =  5.7331740069242234e-05
e22 =  0.00017969358284005506
e12 =  -0.00022202844378368442
s11 =  14.930428258829725
s22 =  5.41639798682797
s12 =  -1.9893748563018114
Global dimensionality : 2
# of batches : 4
WARNING: If using a solver that requires a Jacobian, Dirichlet BCs are being applied but multi-point constraints are NOT.
End of iteration -1 rel error 1.0, abs error 0.010139958535236918
End of iteration 0 rel error 1.457230158300411e-12, abs error 1.47762533814629e-14
Time step = 248
|R| =  1.47762533814629e-14
Cell ID =  0
e11 =  5.81939731864929e-05
e22 =  0.00018092605913769396
e12 =  -0.00023160066968621956
s11 =  15.143567039223724
s22 =  5.4571867259959275
s12 =  -2.075142000388526
Global dimensionality : 2
# of batches : 4
WARNING: If using a solver that requires a Jacobian, Dirichlet BCs are being applied but multi-point constraints are NOT.
End of iteration -1 rel error 1.0, abs error 0.011656826477554212
End of iteration 0 rel error 1.2269955265342302e-12, abs error 1.4302873941544785e-14
Time step = 249
|R| =  1.4302873941544785e-14
Cell ID =  0
e11 =  5.934335488142817e-05
e22 =  0.0001828647077541838
e12 =  -0.00024716784643878946
s11 =  15.429981643355225
s22 =  5.519741023083257
s12 =  -2.2146239040915523
Global dimensionality : 2
# of batches : 4
WARNING: If using a solver that requires a Jacobian, Dirichlet BCs are being applied but multi-point constraints are NOT.
End of iteration -1 rel error 1.0, abs error 0.012387563831352949
End of iteration 0 rel error 1.0858385486617317e-12, abs error 1.3450894332090848e-14
Time step = 250
|R| =  1.3450894332090848e-14
Cell ID =  0
e11 =  6.064673861744181e-05
e22 =  0.00018481261933855176
e12 =  -0.0002659898291452526
s11 =  15.752828539606343
s22 =  5.58374646628583
s12 =  -2.383268869141462
Global dimensionality : 2
# of batches : 4
WARNING: If using a solver that requires a Jacobian, Dirichlet BCs are being applied but multi-point constraints are NOT.
End of iteration -1 rel error 1.0, abs error 0.014733595687007026
End of iteration 0 rel error 9.092833534016729e-13, abs error 1.3397013293946174e-14
Time step = 251
|R| =  1.3397013293946174e-14
Cell ID =  0
e11 =  6.207485869573335e-05
e22 =  0.00018661962189149496
e12 =  -0.00028876190313685427
s11 =  16.10403284212232
s22 =  5.644821188083791
s12 =  -2.587306652106213
Global dimensionality : 2
# of batches : 4
WARNING: If using a solver that requires a Jacobian, Dirichlet BCs are being applied but multi-point constraints are NOT.
End of iteration -1 rel error 1.0, abs error 0.014011703572629854
End of iteration 0 rel error 8.417185972763993e-13, abs error 1.1793911476606712e-14
Time step = 252
|R| =  1.1793911476606712e-14
Cell ID =  0
e11 =  6.333753492708626e-05
e22 =  0.00018763111618015548
e12 =  -0.0003084850445548814
s11 =  16.41000309728962
s22 =  5.682602979006199
s12 =  -2.7640259992117358
Global dimensionality : 2
# of batches : 4
WARNING: If using a solver that requires a Jacobian, Dirichlet BCs are being applied but multi-point constraints are NOT.
End of iteration -1 rel error 1.0, abs error 0.01252995004608805
End of iteration 0 rel error 1.045420411433715e-12, abs error 1.3099065532425265e-14
Time step = 253
|R| =  1.3099065532425265e-14
Cell ID =  0
e11 =  6.436290313054216e-05
e22 =  0.0001881380775931717
e12 =  -0.00032409195216477165
s11 =  16.656029533755795
s22 =  5.70458466254422
s12 =  -2.9038638913963526
Global dimensionality : 2
# of batches : 4
WARNING: If using a solver that requires a Jacobian, Dirichlet BCs are being applied but multi-point constraints are NOT.
End of iteration -1 rel error 1.0, abs error 0.01123854802165668
End of iteration 0 rel error 1.2880677294549418e-12, abs error 1.4476011032625647e-14
Time step = 254
|R| =  1.4476011032625647e-14
Cell ID =  0
e11 =  6.52821509748167e-05
e22 =  0.00018850104311543238
e12 =  -0.00033856628892525557
s11 =  16.875883348192737
s22 =  5.721759054215749
s12 =  -3.0335539487702885
Global dimensionality : 2
# of batches : 4
WARNING: If using a solver that requires a Jacobian, Dirichlet BCs are being applied but multi-point constraints are NOT.
End of iteration -1 rel error 1.0, abs error 0.010050212041129738
End of iteration 0 rel error 1.2584950971329174e-12, abs error 1.2648142578907986e-14
Time step = 255
|R| =  1.2648142578907986e-14
Cell ID =  0
e11 =  6.615487256529412e-05
e22 =  0.00018871430555790527
e12 =  -0.0003519445494669192
s11 =  17.083590637361233
s22 =  5.734430631083146
s12 =  -3.1534231632235947
Global dimensionality : 2
# of batches : 4
WARNING: If using a solver that requires a Jacobian, Dirichlet BCs are being applied but multi-point constraints are NOT.
End of iteration -1 rel error 1.0, abs error 0.010800801943892421
End of iteration 0 rel error 1.1523382711317696e-12, abs error 1.2446177438861649e-14
Time step = 256
|R| =  1.2446177438861649e-14
Cell ID =  0
e11 =  6.670623425670484e-05
e22 =  0.00018911750377709397
e12 =  -0.00036839067826633753
s11 =  17.21689739568091
s22 =  5.749863790908293
s12 =  -3.300780477266383
Global dimensionality : 2
# of batches : 4
WARNING: If using a solver that requires a Jacobian, Dirichlet BCs are being applied but multi-point constraints are NOT.
End of iteration -1 rel error 1.0, abs error 0.01070187074116746
End of iteration 0 rel error 1.1247648377978817e-12, abs error 1.2037087908323114e-14
Time step = 257
|R| =  1.2037087908323114e-14
Cell ID =  0
e11 =  6.715258104113156e-05
e22 =  0.00018939739134482946
e12 =  -0.00038480865129829995
s11 =  17.324453025349207
s22 =  5.761070533335645
s12 =  -3.447885515632766
Global dimensionality : 2
# of batches : 4
WARNING: If using a solver that requires a Jacobian, Dirichlet BCs are being applied but multi-point constraints are NOT.
End of iteration -1 rel error 1.0, abs error 0.010231266804918957
End of iteration 0 rel error 1.2085981874853655e-12, abs error 1.2365490516104238e-14
Time step = 258
|R| =  1.2365490516104238e-14
Cell ID =  0
e11 =  6.755801012615719e-05
e22 =  0.0001894412792966359
e12 =  -0.0003992671905388978
s11 =  17.420516773257905
s22 =  5.765430414441401
s12 =  -3.5774340272285228
Global dimensionality : 2
# of batches : 4
WARNING: If using a solver that requires a Jacobian, Dirichlet BCs are being applied but multi-point constraints are NOT.
End of iteration -1 rel error 1.0, abs error 0.009384113120715007
End of iteration 0 rel error 1.4539288394768538e-12, abs error 1.3643832699120687e-14
Time step = 259
|R| =  1.3643832699120687e-14
Cell ID =  0
e11 =  6.798634291432245e-05
e22 =  0.00018924492394667804
e12 =  -0.0004110983324316543
s11 =  17.52012417087364
s22 =  5.763321200630325
s12 =  -3.683441058587621
Global dimensionality : 2
# of batches : 4
WARNING: If using a solver that requires a Jacobian, Dirichlet BCs are being applied but multi-point constraints are NOT.
End of iteration -1 rel error 1.0, abs error 0.009478679114994809
End of iteration 0 rel error 1.5145612930903013e-12, abs error 1.4356040497194572e-14
Time step = 260
|R| =  1.4356040497194572e-14
Cell ID =  0
e11 =  6.784621607979967e-05
e22 =  0.0001889865947498972
e12 =  -0.00042142380204331813
s11 =  17.485035413552563
s22 =  5.755086805979771
s12 =  -3.7759572663081293
Global dimensionality : 2
# of batches : 4
WARNING: If using a solver that requires a Jacobian, Dirichlet BCs are being applied but multi-point constraints are NOT.
End of iteration -1 rel error 1.0, abs error 0.008986247297175795
End of iteration 0 rel error 1.8382376443046728e-12, abs error 1.6518858062699667e-14
Time step = 261
|R| =  1.6518858062699667e-14
Cell ID =  0
e11 =  6.753334465646978e-05
e22 =  0.00018867663462763542
e12 =  -0.00042999786954216445
s11 =  17.40876045908191
s22 =  5.744083653681696
s12 =  -3.8527809110977924
Global dimensionality : 2
# of batches : 4
WARNING: If using a solver that requires a Jacobian, Dirichlet BCs are being applied but multi-point constraints are NOT.
End of iteration -1 rel error 1.0, abs error 0.008294726402265747
End of iteration 0 rel error 1.9060306850207253e-12, abs error 1.581000304657008e-14
Time step = 262
|R| =  1.581000304657008e-14
Cell ID =  0
e11 =  6.725794937765015e-05
e22 =  0.00018837423081457597
e12 =  -0.0004379203868833329
s11 =  17.341392381698498
s22 =  5.733580330601591
s12 =  -3.9237666664746618
Global dimensionality : 2
# of batches : 4
WARNING: If using a solver that requires a Jacobian, Dirichlet BCs are being applied but multi-point constraints are NOT.
End of iteration -1 rel error 1.0, abs error 0.008237765327887015
End of iteration 0 rel error 1.7676553263945392e-12, abs error 1.456152975942774e-14
Time step = 263
|R| =  1.456152975942774e-14
Cell ID =  0
e11 =  6.662056122919853e-05
e22 =  0.00018814265542978228
e12 =  -0.0004453321491865857
s11 =  17.189106058631165
s22 =  5.722227990974085
s12 =  -3.990176056711807
Global dimensionality : 2
# of batches : 4
WARNING: If using a solver that requires a Jacobian, Dirichlet BCs are being applied but multi-point constraints are NOT.
End of iteration -1 rel error 1.0, abs error 0.007920724304947776
End of iteration 0 rel error 1.8752731924080117e-12, abs error 1.4853521953523144e-14
Time step = 264
|R| =  1.4853521953523144e-14
Cell ID =  0
e11 =  6.581964791300492e-05
e22 =  0.00018799559548695203
e12 =  -0.00045180408637019706
s11 =  16.998866605890044
s22 =  5.711945180076855
s12 =  -4.048164613876965
Global dimensionality : 2
# of batches : 4
WARNING: If using a solver that requires a Jacobian, Dirichlet BCs are being applied but multi-point constraints are NOT.
End of iteration -1 rel error 1.0, abs error 0.007508734651258823
End of iteration 0 rel error 2.186785946673797e-12, abs error 1.641999541267537e-14
Time step = 265
|R| =  1.641999541267537e-14
Cell ID =  0
e11 =  6.499446243390003e-05
e22 =  0.0001879208302268867
e12 =  -0.000457774519288174
s11 =  16.80345732881221
s22 =  5.703474220260131
s12 =  -4.101659692822039
Global dimensionality : 2
# of batches : 4
WARNING: If using a solver that requires a Jacobian, Dirichlet BCs are being applied but multi-point constraints are NOT.
End of iteration -1 rel error 1.0, abs error 0.007031175465144694
End of iteration 0 rel error 2.149763268915986e-12, abs error 1.5115362752271335e-14
Time step = 266
|R| =  1.5115362752271335e-14
Cell ID =  0
e11 =  6.421346229406765e-05
e22 =  0.00018791784844658356
e12 =  -0.00046319533292268737
s11 =  16.619037317788
s22 =  5.697332114828854
s12 =  -4.150230182987278
Global dimensionality : 2
# of batches : 4
WARNING: If using a solver that requires a Jacobian, Dirichlet BCs are being applied but multi-point constraints are NOT.
End of iteration -1 rel error 1.0, abs error 0.006555364493751233
End of iteration 0 rel error 2.3296846859599716e-12, abs error 1.5271932271977988e-14
Time step = 267
|R| =  1.5271932271977988e-14
Cell ID =  0
e11 =  6.351107235165778e-05
e22 =  0.0001879827148912041
e12 =  -0.00046807558320554574
s11 =  16.453703869955174
s22 =  5.693677082197554
s12 =  -4.1939572255216895
Global dimensionality : 2
# of batches : 4
WARNING: If using a solver that requires a Jacobian, Dirichlet BCs are being applied but multi-point constraints are NOT.
End of iteration -1 rel error 1.0, abs error 0.006119371154578643
End of iteration 0 rel error 2.2261855935671066e-12, abs error 1.3622855906013086e-14
Time step = 268
|R| =  1.3622855906013086e-14
Cell ID =  0
e11 =  6.290108446470811e-05
e22 =  0.0001881101552753091
e12 =  -0.0004724502999634729
s11 =  16.310672369413183
s22 =  5.692470206967311
s12 =  -4.233154687672717
Global dimensionality : 2
# of batches : 4
WARNING: If using a solver that requires a Jacobian, Dirichlet BCs are being applied but multi-point constraints are NOT.
End of iteration -1 rel error 1.0, abs error 0.005743641608571865
End of iteration 0 rel error 2.860747374885814e-12, abs error 1.6431107654006896e-14
Time step = 269
|R| =  1.6431107654006896e-14
Cell ID =  0
e11 =  6.238428106861838e-05
e22 =  0.0001882945497031975
e12 =  -0.00047636491466031543
s11 =  16.19008394837076
s22 =  5.693562074502163
s12 =  -4.268229635356426
Global dimensionality : 2
# of batches : 4
WARNING: If using a solver that requires a Jacobian, Dirichlet BCs are being applied but multi-point constraints are NOT.
End of iteration -1 rel error 1.0, abs error 0.005433932441713018
End of iteration 0 rel error 2.574594625968306e-12, abs error 1.3990173262309172e-14
Time step = 270
|R| =  1.3990173262309172e-14
Cell ID =  0
e11 =  6.195469020015351e-05
e22 =  0.00018853022501489833
e12 =  -0.0004798677874522652
s11 =  16.090484588530362
s22 =  5.696749390609721
s12 =  -4.299615375572296
Global dimensionality : 2
# of batches : 4
WARNING: If using a solver that requires a Jacobian, Dirichlet BCs are being applied but multi-point constraints are NOT.
End of iteration -1 rel error 1.0, abs error 0.005187444230056728
End of iteration 0 rel error 2.9870154610510487e-12, abs error 1.54949761185195e-14
Time step = 271
|R| =  1.54949761185195e-14
Cell ID =  0
e11 =  6.160352963733292e-05
e22 =  0.00018881168170840082
e12 =  -0.00048300686316777794
s11 =  16.009758107008427
s22 =  5.701811861503146
s12 =  -4.32774149398329
Global dimensionality : 2
# of batches : 4
WARNING: If using a solver that requires a Jacobian, Dirichlet BCs are being applied but multi-point constraints are NOT.
End of iteration -1 rel error 1.0, abs error 0.004996490719427179
End of iteration 0 rel error 2.843560027311908e-12, abs error 1.4207821286598046e-14
Time step = 272
|R| =  1.4207821286598046e-14
Cell ID =  0
e11 =  6.13213360428897e-05
e22 =  0.00018913365953412642
e12 =  -0.00048582774948540883
s11 =  15.945629363517188
s22 =  5.708530528156975
s12 =  -4.353016635389263
Global dimensionality : 2
# of batches : 4
WARNING: If using a solver that requires a Jacobian, Dirichlet BCs are being applied but multi-point constraints are NOT.
End of iteration -1 rel error 1.0, abs error 0.0048514006079116165
End of iteration 0 rel error 2.6761864214379205e-12, abs error 1.2983252431848741e-14
Time step = 273
|R| =  1.2983252431848741e-14
Cell ID =  0
e11 =  6.109899716465176e-05
e22 =  0.00018949117999803754
e12 =  -0.0004883725930797931
s11 =  15.895908296272241
s22 =  5.716696950854755
s12 =  -4.375818433994946
Global dimensionality : 2
# of batches : 4
WARNING: If using a solver that requires a Jacobian, Dirichlet BCs are being applied but multi-point constraints are NOT.
End of iteration -1 rel error 1.0, abs error 0.0047430929612968355
End of iteration 0 rel error 2.8274413487326986e-12, abs error 1.3410817159653694e-14
Time step = 274
|R| =  1.3410817159653694e-14
Cell ID =  0
e11 =  6.0928211180152545e-05
e22 =  0.0001898796773612046
e12 =  -0.0004906796529895304
s11 =  15.858599391265344
s22 =  5.726120397501693
s12 =  -4.396489690786193
Global dimensionality : 2
# of batches : 4
WARNING: If using a solver that requires a Jacobian, Dirichlet BCs are being applied but multi-point constraints are NOT.
End of iteration -1 rel error 1.0, abs error 0.0046631643518401334
End of iteration 0 rel error 3.236631754278805e-12, abs error 1.5092945816586717e-14
Time step = 275
|R| =  1.5092945816586717e-14
Cell ID =  0
e11 =  6.076562165157798e-05
e22 =  0.0001903251974779343
e12 =  -0.0004926213655201294
s11 =  15.82366812531867
s22 =  5.73718508439505
s12 =  -4.413887435060359
Global dimensionality : 2
# of batches : 4
WARNING: If using a solver that requires a Jacobian, Dirichlet BCs are being applied but multi-point constraints are NOT.
End of iteration -1 rel error 1.0, abs error 0.0046411537412645336
End of iteration 0 rel error 3.1631932506595693e-12, abs error 1.468086618964138e-14
Time step = 276
|R| =  1.468086618964138e-14
Cell ID =  0
e11 =  6.064109340928059e-05
e22 =  0.00019079336447369412
e12 =  -0.0004943908029648757
s11 =  15.797898974904562
s22 =  5.749171650552939
s12 =  -4.429741594565286
Global dimensionality : 2
# of batches : 4
WARNING: If using a solver that requires a Jacobian, Dirichlet BCs are being applied but multi-point constraints are NOT.
End of iteration -1 rel error 1.0, abs error 0.004598801617833636
End of iteration 0 rel error 2.8766604129897667e-12, abs error 1.3229190561215316e-14
Time step = 277
|R| =  1.3229190561215316e-14
Cell ID =  0
e11 =  6.054911630925565e-05
e22 =  0.00019128155028855551
e12 =  -0.0004960126536127321
s11 =  15.779970585130611
s22 =  5.761964633571493
s12 =  -4.444273376370079
Global dimensionality : 2
# of batches : 4
WARNING: If using a solver that requires a Jacobian, Dirichlet BCs are being applied but multi-point constraints are NOT.
End of iteration -1 rel error 1.0, abs error 0.004568278619780355
End of iteration 0 rel error 2.897403060529954e-12, abs error 1.3236144454305155e-14
Time step = 278
|R| =  1.3236144454305155e-14
Cell ID =  0
e11 =  6.04848597920184e-05
e22 =  0.00019178679804312146
e12 =  -0.0004975094778900259
s11 =  15.768719502158335
s22 =  5.775444746361761
s12 =  -4.457684921894631
Global dimensionality : 2
# of batches : 4
WARNING: If using a solver that requires a Jacobian, Dirichlet BCs are being applied but multi-point constraints are NOT.
End of iteration -1 rel error 1.0, abs error 0.004508958960878871
End of iteration 0 rel error 3.620081365439848e-12, abs error 1.632279831181062e-14
Time step = 279
|R| =  1.632279831181062e-14
Cell ID =  0
e11 =  6.044400811004836e-05
e22 =  0.00019230513875637207
e12 =  -0.0004989032721706012
s11 =  15.763095968387796
s22 =  5.789468694381549
s12 =  -4.470173318648587
Global dimensionality : 2
# of batches : 4
WARNING: If using a solver that requires a Jacobian, Dirichlet BCs are being applied but multi-point constraints are NOT.
End of iteration -1 rel error 1.0, abs error 0.004492606077178563
End of iteration 0 rel error 3.1436023780303938e-12, abs error 1.4122967147772329e-14
Time step = 280
|R| =  1.4122967147772329e-14
Cell ID =  0
e11 =  6.0423081097469574e-05
e22 =  0.00019283537597268726
e12 =  -0.0005002082360816003
s11 =  15.762269021396095
s22 =  5.8039763735083625
s12 =  -4.481865795291138
Global dimensionality : 2
# of batches : 4
WARNING: If using a solver that requires a Jacobian, Dirichlet BCs are being applied but multi-point constraints are NOT.
End of iteration -1 rel error 1.0, abs error 0.004480730948189104
End of iteration 0 rel error 3.559073056741471e-12, abs error 1.5947248792207503e-14
Time step = 281
|R| =  1.5947248792207503e-14
Cell ID =  0
e11 =  6.0419012721461104e-05
e22 =  0.00019337568125525633
e12 =  -0.0005014380368717746
s11 =  15.76550057362579
s22 =  5.818893407794379
s12 =  -4.4928848103711
Global dimensionality : 2
# of batches : 4
WARNING: If using a solver that requires a Jacobian, Dirichlet BCs are being applied but multi-point constraints are NOT.
End of iteration -1 rel error 1.0, abs error 0.004471987087324593
End of iteration 0 rel error 3.3025631945645132e-12, abs error 1.476901996116596e-14
Time step = 282
|R| =  1.476901996116596e-14
Cell ID =  0
e11 =  6.04291763303199e-05
e22 =  0.00019392448518531957
e12 =  -0.0005026041652416285
s11 =  15.772158286608777
s22 =  5.834155996593222
s12 =  -4.50333332056499
Global dimensionality : 2
# of batches : 4
WARNING: If using a solver that requires a Jacobian, Dirichlet BCs are being applied but multi-point constraints are NOT.
End of iteration -1 rel error 1.0, abs error 0.004465569144652458
End of iteration 0 rel error 3.3974065501654105e-12, abs error 1.517135386225881e-14
Time step = 283
|R| =  1.517135386225881e-14
Cell ID =  0
e11 =  6.045132945613089e-05
e22 =  0.00019448046799027088
e12 =  -0.0005037162887474395
s11 =  15.781702465968337
s22 =  5.849710227004167
s12 =  -4.5132979471770565
Global dimensionality : 2
# of batches : 4
WARNING: If using a solver that requires a Jacobian, Dirichlet BCs are being applied but multi-point constraints are NOT.
End of iteration -1 rel error 1.0, abs error 0.004460547757489533
End of iteration 0 rel error 3.3086554936523113e-12, abs error 1.4758415842516242e-14
Time step = 284
|R| =  1.4758415842516242e-14
Cell ID =  0
e11 =  6.048355230927097e-05
e22 =  0.0001950424769257892
e12 =  -0.0005047824558116329
s11 =  15.793670898741595
s22 =  5.865509310879955
s12 =  -4.522850804072229
Global dimensionality : 2
# of batches : 4
WARNING: If using a solver that requires a Jacobian, Dirichlet BCs are being applied but multi-point constraints are NOT.
End of iteration -1 rel error 1.0, abs error 0.004456748970174808
End of iteration 0 rel error 3.1798899168816194e-12, abs error 1.4171971112331412e-14
Time step = 285
|R| =  1.4171971112331412e-14
Cell ID =  0
e11 =  6.052421392895272e-05
e22 =  0.00019560957372959954
e12 =  -0.0005058094483633479
s11 =  15.80767122958733
s22 =  5.881514635097181
s12 =  -4.532052657335597
Global dimensionality : 2
# of batches : 4
WARNING: If using a solver that requires a Jacobian, Dirichlet BCs are being applied but multi-point constraints are NOT.
End of iteration -1 rel error 1.0, abs error 0.004453846341920923
End of iteration 0 rel error 3.620508933765463e-12, abs error 1.612519047054333e-14
Time step = 286
|R| =  1.612519047054333e-14
Cell ID =  0
e11 =  6.057192529500799e-05
e22 =  0.00019618097115412653
e12 =  -0.000506802933234517
s11 =  15.823369397884177
s22 =  5.897693641812938
s12 =  -4.540954281781271
Global dimensionality : 2
# of batches : 4
WARNING: If using a solver that requires a Jacobian, Dirichlet BCs are being applied but multi-point constraints are NOT.
End of iteration -1 rel error 1.0, abs error 0.00445132247873399
End of iteration 0 rel error 3.2675525735822137e-12, abs error 1.4544930221231607e-14
Time step = 287
|R| =  1.4544930221231607e-14
Cell ID =  0
e11 =  6.0625498487764545e-05
e22 =  0.0001967559723577378
e12 =  -0.0005077675871092267
s11 =  15.84047952498403
s22 =  5.914017834735745
s12 =  -4.54959758049867
Global dimensionality : 2
# of batches : 4
WARNING: If using a solver that requires a Jacobian, Dirichlet BCs are being applied but multi-point constraints are NOT.
End of iteration -1 rel error 1.0, abs error 0.004449298609964866
End of iteration 0 rel error 3.161264863535554e-12, abs error 1.4065411363059511e-14
Time step = 288
|R| =  1.4065411363059511e-14
Cell ID =  0
e11 =  6.0683928660518955e-05
e22 =  0.00019733402766796662
e12 =  -0.0005087073562866738
s11 =  15.858760098262968
s22 =  5.930464209719236
s12 =  -4.558017912328596
Global dimensionality : 2
# of batches : 4
WARNING: If using a solver that requires a Jacobian, Dirichlet BCs are being applied but multi-point constraints are NOT.
End of iteration -1 rel error 1.0, abs error 0.004447562963346736
End of iteration 0 rel error 3.1601042334611908e-12, abs error 1.405476254905722e-14
Time step = 289
|R| =  1.405476254905722e-14
Cell ID =  0
e11 =  6.074636008158997e-05
e22 =  0.00019791466687479908
e12 =  -0.0005096255124937318
s11 =  15.878005428209251
s22 =  5.947013118051584
s12 =  -4.5662445919438355
Global dimensionality : 2
# of batches : 4
WARNING: If using a solver that requires a Jacobian, Dirichlet BCs are being applied but multi-point constraints are NOT.
End of iteration -1 rel error 1.0, abs error 0.004446151038569766
End of iteration 0 rel error 3.42699253942328e-12, abs error 1.5236926438327657e-14
Time step = 290
|R| =  1.5236926438327657e-14
Cell ID =  0
e11 =  6.080397313212306e-05
e22 =  0.0001984971310259773
e12 =  -0.000510519018362016
s11 =  15.896127283291053
s22 =  5.963575132350806
s12 =  -4.574250404523662
Global dimensionality : 2
# of batches : 4
WARNING: If using a solver that requires a Jacobian, Dirichlet BCs are being applied but multi-point constraints are NOT.
End of iteration -1 rel error 1.0, abs error 0.004445910811878352
End of iteration 0 rel error 3.313471520187118e-12, abs error 1.4731398856450907e-14
Time step = 291
|R| =  1.4731398856450907e-14
Cell ID =  0
e11 =  6.08240392043533e-05
e22 =  0.00019907966508335415
e12 =  -0.0005113669766892468
s11 =  15.905384707309798
s22 =  5.979847761978065
s12 =  -4.58184811113565
Global dimensionality : 2
# of batches : 4
WARNING: If using a solver that requires a Jacobian, Dirichlet BCs are being applied but multi-point constraints are NOT.
End of iteration -1 rel error 1.0, abs error 0.004447513234562962
End of iteration 0 rel error 3.207906099152562e-12, abs error 1.4267204831216264e-14
Time step = 292
|R| =  1.4267204831216264e-14
Cell ID =  0
e11 =  6.080104683990447e-05
e22 =  0.00019966249102515833
e12 =  -0.000512167259844951
s11 =  15.90447814786586
s22 =  5.99579438619838
s12 =  -4.589018648210759
Global dimensionality : 2
# of batches : 4
WARNING: If using a solver that requires a Jacobian, Dirichlet BCs are being applied but multi-point constraints are NOT.
End of iteration -1 rel error 1.0, abs error 0.004454322629274343
End of iteration 0 rel error 3.4653582306769905e-12, abs error 1.5435823585446617e-14
Time step = 293
|R| =  1.5435823585446617e-14
Cell ID =  0
e11 =  6.068032508733092e-05
e22 =  0.00020024552812710836
e12 =  -0.0005128817421319451
s11 =  15.880498974985464
s22 =  6.010988591704612
s12 =  -4.595420409502226
Global dimensionality : 2
# of batches : 4
WARNING: If using a solver that requires a Jacobian, Dirichlet BCs are being applied but multi-point constraints are NOT.
End of iteration -1 rel error 1.0, abs error 0.004464340002033487
End of iteration 0 rel error 3.1442545426192438e-12, abs error 1.4037021331190595e-14
Time step = 294
|R| =  1.4037021331190595e-14
Cell ID =  0
e11 =  6.04674994132923e-05
e22 =  0.0002008290447605622
e12 =  -0.0005135127546283463
s11 =  15.834777463339197
s22 =  6.0254814502751035
s12 =  -4.60107428146998
Global dimensionality : 2
# of batches : 4
WARNING: If using a solver that requires a Jacobian, Dirichlet BCs are being applied but multi-point constraints are NOT.
End of iteration -1 rel error 1.0, abs error 0.004480151960991267
End of iteration 0 rel error 3.242641479326264e-12, abs error 1.4527526582395186e-14
Time step = 295
|R| =  1.4527526582395186e-14
Cell ID =  0
e11 =  6.015169937778089e-05
e22 =  0.00020141307687601958
e12 =  -0.0005140490111926844
s11 =  15.764747342794083
s22 =  6.039189615192545
s12 =  -4.60587914028645
Global dimensionality : 2
# of batches : 4
WARNING: If using a solver that requires a Jacobian, Dirichlet BCs are being applied but multi-point constraints are NOT.
End of iteration -1 rel error 1.0, abs error 0.004500951751529951
End of iteration 0 rel error 3.265281670856852e-12, abs error 1.4696875255681792e-14
Time step = 296
|R| =  1.4696875255681792e-14
Cell ID =  0
e11 =  5.973059511393959e-05
e22 =  0.00020199781321304653
e12 =  -0.0005144832508520766
s11 =  15.66985998799106
s22 =  6.052100231379757
s12 =  -4.609769927634604
Global dimensionality : 2
# of batches : 4
WARNING: If using a solver that requires a Jacobian, Dirichlet BCs are being applied but multi-point constraints are NOT.
End of iteration -1 rel error 1.0, abs error 0.004526247044804241
End of iteration 0 rel error 2.9347650410058253e-12, abs error 1.3283471594047413e-14
Time step = 297
|R| =  1.3283471594047413e-14
Cell ID =  0
e11 =  5.920457707721504e-05
e22 =  0.00020258348327292092
e12 =  -0.0005148083889929388
s11 =  15.550209367482479
s22 =  6.064222677895519
s12 =  -4.61268316537673
Global dimensionality : 2
# of batches : 4
WARNING: If using a solver that requires a Jacobian, Dirichlet BCs are being applied but multi-point constraints are NOT.
End of iteration -1 rel error 1.0, abs error 0.004553768231052259
End of iteration 0 rel error 3.1807610878179965e-12, abs error 1.4484448792272816e-14
Time step = 298
|R| =  1.4484448792272816e-14
Cell ID =  0
e11 =  5.8579723324461575e-05
e22 =  0.0002031703113362673
e12 =  -0.0005150204141495192
s11 =  15.407232271983156
s22 =  6.075610318209983
s12 =  -4.614582910779689
Global dimensionality : 2
# of batches : 4
WARNING: If using a solver that requires a Jacobian, Dirichlet BCs are being applied but multi-point constraints are NOT.
End of iteration -1 rel error 1.0, abs error 0.004581041862013987
End of iteration 0 rel error 3.4432366092146594e-12, abs error 1.5773611047631452e-14
Time step = 299
|R| =  1.5773611047631452e-14
Cell ID =  0
e11 =  5.7836959847701375e-05
e22 =  0.0002037575804603311
e12 =  -0.000514970844547054
s11 =  15.236419698616276
s22 =  6.0860953256616055
s12 =  -4.614138767141601
Global dimensionality : 2
# of batches : 4
WARNING: If using a solver that requires a Jacobian, Dirichlet BCs are being applied but multi-point constraints are NOT.
End of iteration -1 rel error 1.0, abs error 0.004604897529892567
End of iteration 0 rel error 3.383051083307629e-12, abs error 1.5578603577023672e-14
Time step = 300
|R| =  1.5578603577023672e-14
Cell ID =  0
e11 =  5.701853294647266e-05
e22 =  0.00020434668876976244
e12 =  -0.0005147921024110423
s11 =  15.047756994822665
s22 =  6.0960441618623
s12 =  -4.612537237602937
Global dimensionality : 2
# of batches : 4
WARNING: If using a solver that requires a Jacobian, Dirichlet BCs are being applied but multi-point constraints are NOT.
End of iteration -1 rel error 1.0, abs error 0.0046225654484459465
End of iteration 0 rel error 3.0484763121412926e-12, abs error 1.409178127091026e-14
Time step = 301
|R| =  1.409178127091026e-14
Cell ID =  0
e11 =  5.6105041202339086e-05
e22 =  0.00020496235391424708
e12 =  -0.000514293375812576
s11 =  14.836855196386347
s22 =  6.1059901574742
s12 =  -4.608068647280679
Global dimensionality : 2
# of batches : 4
WARNING: If using a solver that requires a Jacobian, Dirichlet BCs are being applied but multi-point constraints are NOT.
End of iteration -1 rel error 1.0, abs error 0.004631950454215718
End of iteration 0 rel error 2.92260016009422e-12, abs error 1.3537339139039353e-14
Time step = 302
|R| =  1.3537339139039353e-14
Cell ID =  0
e11 =  5.5153856014732295e-05
e22 =  0.00020558411522609893
e12 =  -0.0005136741786106715
s11 =  14.61710114238352
s22 =  6.115812360297105
s12 =  -4.602520640351615
Global dimensionality : 2
# of batches : 4
WARNING: If using a solver that requires a Jacobian, Dirichlet BCs are being applied but multi-point constraints are NOT.
End of iteration -1 rel error 1.0, abs error 0.004632399945646573
End of iteration 0 rel error 3.3154548095002448e-12, abs error 1.5358512679322602e-14
Time step = 303
|R| =  1.5358512679322602e-14
Cell ID =  0
e11 =  5.418870707987412e-05
e22 =  0.0002062120534053842
e12 =  -0.0005129617880509759
s11 =  14.394098123569766
s22 =  6.125697116560297
s12 =  -4.596137620936742
Global dimensionality : 2
# of batches : 4
WARNING: If using a solver that requires a Jacobian, Dirichlet BCs are being applied but multi-point constraints are NOT.
End of iteration -1 rel error 1.0, abs error 0.004624940875368059
End of iteration 0 rel error 3.5590219906473764e-12, abs error 1.646026628087885e-14
Time step = 304
|R| =  1.646026628087885e-14
Cell ID =  0
e11 =  5.3362800226766106e-05
e22 =  0.00020680682964586473
e12 =  -0.0005120182888625467
s11 =  14.203713353099284
s22 =  6.135744731828283
s12 =  -4.5876838682084164
Global dimensionality : 2
# of batches : 4
WARNING: If using a solver that requires a Jacobian, Dirichlet BCs are being applied but multi-point constraints are NOT.
End of iteration -1 rel error 1.0, abs error 0.004615260666468858
End of iteration 0 rel error 3.0829246625996828e-12, abs error 1.422850093298309e-14
Time step = 305
|R| =  1.422850093298309e-14
Cell ID =  0
e11 =  5.255282264132922e-05
e22 =  0.00020740044885459208
e12 =  -0.0005109894739544046
s11 =  14.01708056151736
s22 =  6.145883927246637
s12 =  -4.578465686631463
Global dimensionality : 2
# of batches : 4
WARNING: If using a solver that requires a Jacobian, Dirichlet BCs are being applied but multi-point constraints are NOT.
End of iteration -1 rel error 1.0, abs error 0.00469445307793745
End of iteration 0 rel error 3.1869917614536886e-12, abs error 1.4961183283917564e-14
Time step = 306
|R| =  1.4961183283917564e-14
Cell ID =  0
e11 =  5.1513858767903434e-05
e22 =  0.00020789741607920187
e12 =  -0.0005090474044395204
s11 =  13.775633401564633
s22 =  6.151572402582859
s12 =  -4.5610647437781004
Global dimensionality : 2
# of batches : 4
WARNING: If using a solver that requires a Jacobian, Dirichlet BCs are being applied but multi-point constraints are NOT.
End of iteration -1 rel error 1.0, abs error 0.004761813517745712
End of iteration 0 rel error 3.5965672990671345e-12, abs error 1.7126182782180066e-14
Time step = 307
|R| =  1.7126182782180066e-14
Cell ID =  0
e11 =  5.0345730559396744e-05
e22 =  0.0002083235056589596
e12 =  -0.0005062749316025778
s11 =  13.503140164358696
s22 =  6.1542977518477615
s12 =  -4.536223387159095
Global dimensionality : 2
# of batches : 4
WARNING: If using a solver that requires a Jacobian, Dirichlet BCs are being applied but multi-point constraints are NOT.
End of iteration -1 rel error 1.0, abs error 0.004843743661994586
End of iteration 0 rel error 3.046144752760048e-12, abs error 1.475474433969955e-14
Time step = 308
|R| =  1.475474433969955e-14
Cell ID =  0
e11 =  4.907270671952134e-05
e22 =  0.0002086704478145055
e12 =  -0.0005028347335577254
s11 =  13.205266612679715
s22 =  6.154019471004098
s12 =  -4.505399212677217
Global dimensionality : 2
# of batches : 4
WARNING: If using a solver that requires a Jacobian, Dirichlet BCs are being applied but multi-point constraints are NOT.
End of iteration -1 rel error 1.0, abs error 0.004915258687982623
End of iteration 0 rel error 3.5036568207824e-12, abs error 1.7221379628060267e-14
Time step = 309
|R| =  1.7221379628060267e-14
Cell ID =  0
e11 =  4.775191744412902e-05
e22 =  0.00020893991238633903
e12 =  -0.0004988623287146866
s11 =  12.895514342347052
s22 =  6.151227020097529
s12 =  -4.46980646528359
Global dimensionality : 2
# of batches : 4
WARNING: If using a solver that requires a Jacobian, Dirichlet BCs are being applied but multi-point constraints are NOT.
End of iteration -1 rel error 1.0, abs error 0.005100831273129833
End of iteration 0 rel error 3.045264505715021e-12, abs error 1.553338042570344e-14
Time step = 310
|R| =  1.553338042570344e-14
Cell ID =  0
e11 =  4.6288036128095796e-05
e22 =  0.00020902271719720018
e12 =  -0.0004938385022580414
s11 =  12.55052928653592
s22 =  6.1421600429448695
s12 =  -4.4247929802320485
Global dimensionality : 2
# of batches : 4
WARNING: If using a solver that requires a Jacobian, Dirichlet BCs are being applied but multi-point constraints are NOT.
End of iteration -1 rel error 1.0, abs error 0.005235035644236868
End of iteration 0 rel error 2.601796380490588e-12, abs error 1.3620496790914695e-14
Time step = 311
|R| =  1.3620496790914695e-14
Cell ID =  0
e11 =  4.48282838662372e-05
e22 =  0.0002089445142232247
e12 =  -0.0004881984209369159
s11 =  12.205269890855018
s22 =  6.128670507680467
s12 =  -4.374257851594764
Global dimensionality : 2
# of batches : 4
WARNING: If using a solver that requires a Jacobian, Dirichlet BCs are being applied but multi-point constraints are NOT.
End of iteration -1 rel error 1.0, abs error 0.005332325335165458
End of iteration 0 rel error 2.742290365012221e-12, abs error 1.4622784389734795e-14
Time step = 312
|R| =  1.4622784389734795e-14
Cell ID =  0
e11 =  4.348097444975898e-05
e22 =  0.00020869173175864638
e12 =  -0.00048199569756837826
s11 =  11.885204121941879
s22 =  6.111223309514122
s12 =  -4.318681450212667
Global dimensionality : 2
# of batches : 4
WARNING: If using a solver that requires a Jacobian, Dirichlet BCs are being applied but multi-point constraints are NOT.
End of iteration -1 rel error 1.0, abs error 0.005365999357523584
End of iteration 0 rel error 2.793419876964791e-12, abs error 1.4989489265086678e-14
Time step = 313
|R| =  1.4989489265086678e-14
Cell ID =  0
e11 =  4.244624379326728e-05
e22 =  0.00020826378917422449
e12 =  -0.0004755920034339463
s11 =  11.637580267178105
s22 =  6.091355194837933
s12 =  -4.261304350768157
Global dimensionality : 2
# of batches : 4
WARNING: If using a solver that requires a Jacobian, Dirichlet BCs are being applied but multi-point constraints are NOT.
End of iteration -1 rel error 1.0, abs error 0.005339863561169121
End of iteration 0 rel error 2.55378077909189e-12, abs error 1.3636840925486873e-14
Time step = 314
|R| =  1.3636840925486873e-14
Cell ID =  0
e11 =  4.1694253958219415e-05
e22 =  0.0002077296991181846
e12 =  -0.00046939837100146885
s11 =  11.45588893846667
s22 =  6.0707440272112745
s12 =  -4.205809404173158
Global dimensionality : 2
# of batches : 4
WARNING: If using a solver that requires a Jacobian, Dirichlet BCs are being applied but multi-point constraints are NOT.
End of iteration -1 rel error 1.0, abs error 0.005295703284180023
End of iteration 0 rel error 2.793442613952468e-12, abs error 1.4793243224876513e-14
Time step = 315
|R| =  1.4793243224876513e-14
Cell ID =  0
e11 =  4.058204855825323e-05
e22 =  0.00020734719293819952
e12 =  -0.0004636758432207998
s11 =  11.190325555750611
s22 =  6.051531889792957
s12 =  -4.154535555258364
Global dimensionality : 2
# of batches : 4
WARNING: If using a solver that requires a Jacobian, Dirichlet BCs are being applied but multi-point constraints are NOT.
End of iteration -1 rel error 1.0, abs error 0.005193976672598093
End of iteration 0 rel error 2.9508376661390727e-12, abs error 1.5326582002550144e-14
Time step = 316
|R| =  1.5326582002550144e-14
Cell ID =  0
e11 =  3.9718019618604126e-05
e22 =  0.00020695639219815958
e12 =  -0.00045866977013293625
s11 =  10.983293151290614
s22 =  6.034015813868434
s12 =  -4.109681140391106
Global dimensionality : 2
# of batches : 4
WARNING: If using a solver that requires a Jacobian, Dirichlet BCs are being applied but multi-point constraints are NOT.
End of iteration -1 rel error 1.0, abs error 0.00509005618841629
End of iteration 0 rel error 2.9410163025673834e-12, abs error 1.4969938231116306e-14
Time step = 317
|R| =  1.4969938231116306e-14
Cell ID =  0
e11 =  3.908551400108665e-05
e22 =  0.00020656560106762463
e12 =  -0.00045432799243386624
s11 =  10.830924290900798
s22 =  6.0182963424483
s12 =  -4.070778812207439
Global dimensionality : 2
# of batches : 4
WARNING: If using a solver that requires a Jacobian, Dirichlet BCs are being applied but multi-point constraints are NOT.
End of iteration -1 rel error 1.0, abs error 0.005185509627107709
End of iteration 0 rel error 2.9544800984351098e-12, abs error 1.5320484993533394e-14
Time step = 318
|R| =  1.5320484993533394e-14
Cell ID =  0
e11 =  3.863454294587335e-05
e22 =  0.0002057703268843845
e12 =  -0.0004484119159737413
s11 =  10.718278083032438
s22 =  5.99279454494375
s12 =  -4.01777076712472
Global dimensionality : 2
# of batches : 4
WARNING: If using a solver that requires a Jacobian, Dirichlet BCs are being applied but multi-point constraints are NOT.
End of iteration -1 rel error 1.0, abs error 0.005223610287720619
End of iteration 0 rel error 2.888778245570767e-12, abs error 1.5089851762506978e-14
Time step = 319
|R| =  1.5089851762506978e-14
Cell ID =  0
e11 =  3.8419079188894346e-05
e22 =  0.00020470219232027743
e12 =  -0.00044188675026684415
s11 =  10.659118911622373
s22 =  5.961570782013693
s12 =  -3.9593052823909214
Global dimensionality : 2
# of batches : 4
WARNING: If using a solver that requires a Jacobian, Dirichlet BCs are being applied but multi-point constraints are NOT.
End of iteration -1 rel error 1.0, abs error 0.00524267372139359
End of iteration 0 rel error 2.756175703269756e-12, abs error 1.4449729931075846e-14
Time step = 320
|R| =  1.4449729931075846e-14
Cell ID =  0
e11 =  3.8460461187396447e-05
e22 =  0.00020341208741839764
e12 =  -0.00043504224803503924
s11 =  10.65887970604593
s22 =  5.9261985864065645
s12 =  -3.8979785423939495
Global dimensionality : 2
# of batches : 4
WARNING: If using a solver that requires a Jacobian, Dirichlet BCs are being applied but multi-point constraints are NOT.
End of iteration -1 rel error 1.0, abs error 0.005225982454054814
End of iteration 0 rel error 3.249522679465604e-12, abs error 1.6981948506940433e-14
Time step = 321
|R| =  1.6981948506940433e-14
Cell ID =  0
e11 =  3.8743453144817166e-05
e22 =  0.00020196628888601237
e12 =  -0.00042838630926410657
s11 =  10.714477467647914
s22 =  5.888393421351127
s12 =  -3.8383413310063927
Global dimensionality : 2
# of batches : 4
WARNING: If using a solver that requires a Jacobian, Dirichlet BCs are being applied but multi-point constraints are NOT.
End of iteration -1 rel error 1.0, abs error 0.005175861785326498
End of iteration 0 rel error 2.8565162655433484e-12, abs error 1.4784933377989376e-14
Time step = 322
|R| =  1.4784933377989376e-14
Cell ID =  0
e11 =  3.923754890469638e-05
e22 =  0.00020044170365454727
e12 =  -0.00042218606078741217
s11 =  10.819306289744683
s22 =  5.85004637659919
s12 =  -3.782787104655211
Global dimensionality : 2
# of batches : 4
WARNING: If using a solver that requires a Jacobian, Dirichlet BCs are being applied but multi-point constraints are NOT.
End of iteration -1 rel error 1.0, abs error 0.0051054671070668
End of iteration 0 rel error 3.3167811193585097e-12, abs error 1.6933716906225072e-14
Time step = 323
|R| =  1.6933716906225072e-14
Cell ID =  0
e11 =  3.989843955032667e-05
e22 =  0.00019890386767926956
e12 =  -0.0004165697983649731
s11 =  10.963413160571951
s22 =  5.8126268490721715
s12 =  -3.732465393350157
Global dimensionality : 2
# of batches : 4
WARNING: If using a solver that requires a Jacobian, Dirichlet BCs are being applied but multi-point constraints are NOT.
End of iteration -1 rel error 1.0, abs error 0.005023754172525333
End of iteration 0 rel error 2.949856913367579e-12, abs error 1.4819355976883074e-14
Time step = 324
|R| =  1.4819355976883074e-14
Cell ID =  0
e11 =  4.067540857000041e-05
e22 =  0.00019741037732520265
e12 =  -0.0004115828344333545
s11 =  11.135270611143095
s22 =  5.777334856311945
s12 =  -3.6877821965228543
Global dimensionality : 2
# of batches : 4
WARNING: If using a solver that requires a Jacobian, Dirichlet BCs are being applied but multi-point constraints are NOT.
End of iteration -1 rel error 1.0, abs error 0.004939513493102777
End of iteration 0 rel error 3.356199229561666e-12, abs error 1.6577991379960995e-14
Time step = 325
|R| =  1.6577991379960995e-14
Cell ID =  0
e11 =  4.1518537983886916e-05
e22 =  0.0001960069091207884
e12 =  -0.00040720862899216065
s11 =  11.323447225256524
s22 =  5.745046825956123
s12 =  -3.6485893157697573
Global dimensionality : 2
# of batches : 4
WARNING: If using a solver that requires a Jacobian, Dirichlet BCs are being applied but multi-point constraints are NOT.
End of iteration -1 rel error 1.0, abs error 0.004859009614355256
End of iteration 0 rel error 2.9790397782934576e-12, abs error 1.4475182924274662e-14
Time step = 326
|R| =  1.4475182924274662e-14
Cell ID =  0
e11 =  4.23836494266549e-05
e22 =  0.00019472631865952115
e12 =  -0.0004033934099670098
s11 =  11.517767255032494
s22 =  5.716329001869019
s12 =  -3.614404953304406
Global dimensionality : 2
# of batches : 4
WARNING: If using a solver that requires a Jacobian, Dirichlet BCs are being applied but multi-point constraints are NOT.
End of iteration -1 rel error 1.0, abs error 0.004786606964606164
End of iteration 0 rel error 3.2710532015339734e-12, abs error 1.5657246036059807e-14
Time step = 327
|R| =  1.5657246036059807e-14
Cell ID =  0
e11 =  4.3234928322853985e-05
e22 =  0.00019358945797107567
e12 =  -0.000400065664115731
s11 =  11.709936539740491
s22 =  5.691480418709601
s12 =  -3.584588350476948
Global dimensionality : 2
# of batches : 4
WARNING: If using a solver that requires a Jacobian, Dirichlet BCs are being applied but multi-point constraints are NOT.
End of iteration -1 rel error 1.0, abs error 0.004724283704573664
End of iteration 0 rel error 3.0140710332847022e-12, abs error 1.4239326666974426e-14
Time step = 328
|R| =  1.4239326666974426e-14
Cell ID =  0
e11 =  4.404562414743008e-05
e22 =  0.00019260689329669904
e12 =  -0.00039714976285315203
s11 =  11.893721167608595
s22 =  5.670585860707192
s12 =  -3.5584618751642405
Global dimensionality : 2
# of batches : 4
WARNING: If using a solver that requires a Jacobian, Dirichlet BCs are being applied but multi-point constraints are NOT.
End of iteration -1 rel error 1.0, abs error 0.0046721657926445444
End of iteration 0 rel error 3.0597677085724656e-12, abs error 1.4295742021430656e-14
Time step = 329
|R| =  1.4295742021430656e-14
Cell ID =  0
e11 =  4.479747510169356e-05
e22 =  0.000191781026217179
e12 =  -0.0003945741746449192
s11 =  12.064828097165247
s22 =  5.653570082992714
s12 =  -3.5353846048184745
Global dimensionality : 2
# of batches : 4
WARNING: If using a solver that requires a Jacobian, Dirichlet BCs are being applied but multi-point constraints are NOT.
End of iteration -1 rel error 1.0, abs error 0.004629923313885865
End of iteration 0 rel error 3.3200339917270075e-12, abs error 1.5371502781190425e-14
Time step = 330
|R| =  1.5371502781190425e-14
Cell ID =  0
e11 =  4.5479442665177716e-05
e22 =  0.00019110831911910324
e12 =  -0.0003922754611458437
s11 =  12.220623647392749
s22 =  5.640249565130863
s12 =  -3.514788131866758
Global dimensionality : 2
# of batches : 4
WARNING: If using a solver that requires a Jacobian, Dirichlet BCs are being applied but multi-point constraints are NOT.
End of iteration -1 rel error 1.0, abs error 0.004596327035414803
End of iteration 0 rel error 3.3723572174484262e-12, abs error 1.550045665163444e-14
Time step = 331
|R| =  1.550045665163444e-14
Cell ID =  0
e11 =  4.6086212500337184e-05
e22 =  0.00019058114327548013
e12 =  -0.00039019972064999837
s11 =  12.359793894913333
s22 =  5.6303720107251705
s12 =  -3.496189497023984
Global dimensionality : 2
# of batches : 4
WARNING: If using a solver that requires a Jacobian, Dirichlet BCs are being applied but multi-point constraints are NOT.
End of iteration -1 rel error 1.0, abs error 0.004570134426608158
End of iteration 0 rel error 3.278309318627725e-12, abs error 1.4982314278130898e-14
Time step = 332
|R| =  1.4982314278130898e-14
Cell ID =  0
e11 =  4.6616732798959184e-05
e22 =  0.0001901893536116421
e12 =  -0.00038830237473844734
s11 =  12.482011790706224
s22 =  5.623648575740145
s12 =  -3.4791892776564866
Global dimensionality : 2
# of batches : 4
WARNING: If using a solver that requires a Jacobian, Dirichlet BCs are being applied but multi-point constraints are NOT.
End of iteration -1 rel error 1.0, abs error 0.004549735160468332
End of iteration 0 rel error 3.5726442772139126e-12, abs error 1.625458528388611e-14
Time step = 333
|R| =  1.625458528388611e-14
Cell ID =  0
e11 =  4.7072943550658015e-05
e22 =  0.00018992142951336497
e12 =  -0.00038654727671855855
s11 =  12.587645987215925
s22 =  5.619775571857075
s12 =  -3.463463599398283
Global dimensionality : 2
# of batches : 4
WARNING: If using a solver that requires a Jacobian, Dirichlet BCs are being applied but multi-point constraints are NOT.
End of iteration -1 rel error 1.0, abs error 0.004534209161231079
End of iteration 0 rel error 3.580705194974922e-12, abs error 1.6235666298723007e-14
Time step = 334
|R| =  1.6235666298723007e-14
Cell ID =  0
e11 =  4.745873012935113e-05
e22 =  0.0001897654231857003
e12 =  -0.0003849053561396998
s11 =  12.677521134552018
s22 =  5.6184525857787815
s12 =  -3.448751991011709
Global dimensionality : 2
# of batches : 4
WARNING: If using a solver that requires a Jacobian, Dirichlet BCs are being applied but multi-point constraints are NOT.
End of iteration -1 rel error 1.0, abs error 0.004522526030523653
End of iteration 0 rel error 3.331765644901735e-12, abs error 1.5067996856672522e-14
Time step = 335
|R| =  1.5067996856672522e-14
Cell ID =  0
e11 =  4.777912523972886e-05
e22 =  0.00018970952650190992
e12 =  -0.0003833534006462537
s11 =  12.752733855304209
s22 =  5.619391970289286
s12 =  -3.4348464697904317
Global dimensionality : 2
# of batches : 4
WARNING: If using a solver that requires a Jacobian, Dirichlet BCs are being applied but multi-point constraints are NOT.
End of iteration -1 rel error 1.0, abs error 0.004513549121473779
End of iteration 0 rel error 3.5906314176583735e-12, abs error 1.6206491280708102e-14
Time step = 336
|R| =  1.6206491280708102e-14
Cell ID =  0
e11 =  4.80397264360531e-05
e22 =  0.00018974242658403165
e12 =  -0.00038187296853995267
s11 =  12.814517977556466
s22 =  5.622324162740204
s12 =  -3.4215817981179746
Global dimensionality : 2
# of batches : 4
WARNING: If using a solver that requires a Jacobian, Dirichlet BCs are being applied but multi-point constraints are NOT.
End of iteration -1 rel error 1.0, abs error 0.00450688262702031
End of iteration 0 rel error 3.287231368162415e-12, abs error 1.4815165944167394e-14
Time step = 337
|R| =  1.4815165944167394e-14
Cell ID =  0
e11 =  4.824626935543533e-05
e22 =  0.0001898536233857188
e12 =  -0.00038044929974783814
s11 =  12.864146237820611
s22 =  5.627003160410373
s12 =  -3.4088257257406283
Global dimensionality : 2
# of batches : 4
WARNING: If using a solver that requires a Jacobian, Dirichlet BCs are being applied but multi-point constraints are NOT.
End of iteration -1 rel error 1.0, abs error 0.004501895034219267
End of iteration 0 rel error 3.5520799828014355e-12, abs error 1.5991091235723442e-14
Time step = 338
|R| =  1.5991091235723442e-14
Cell ID =  0
e11 =  4.8404356013272376e-05
e22 =  0.00019003350339754258
e12 =  -0.0003790705939637679
s11 =  12.902866702497692
s22 =  5.633206451610776
s12 =  -3.3964725219153586
Global dimensionality : 2
# of batches : 4
WARNING: If using a solver that requires a Jacobian, Dirichlet BCs are being applied but multi-point constraints are NOT.
End of iteration -1 rel error 1.0, abs error 0.00449944809946427
End of iteration 0 rel error 3.5742559706738776e-12, abs error 1.6082179234247397e-14
Time step = 339
|R| =  1.6082179234247397e-14
Cell ID =  0
e11 =  4.8527040735940525e-05
e22 =  0.00019025246889865216
e12 =  -0.0003776657949513599
s11 =  12.933531901674998
s22 =  5.64021644329402
s12 =  -3.3838855227641833
Global dimensionality : 2
# of batches : 4
WARNING: If using a solver that requires a Jacobian, Dirichlet BCs are being applied but multi-point constraints are NOT.
End of iteration -1 rel error 1.0, abs error 0.004504371412347699
End of iteration 0 rel error 3.5104377745002016e-12, abs error 1.5812315556284185e-14
Time step = 340
|R| =  1.5812315556284185e-14
Cell ID =  0
e11 =  4.865594171351187e-05
e22 =  0.0001904024386225346
e12 =  -0.00037593365473365055
s11 =  12.965129457376278
s22 =  5.645365762728418
s12 =  -3.3683655464135076
Global dimensionality : 2
# of batches : 4
WARNING: If using a solver that requires a Jacobian, Dirichlet BCs are being applied but multi-point constraints are NOT.
End of iteration -1 rel error 1.0, abs error 0.004509160061797849
End of iteration 0 rel error 3.1706529583567837e-12, abs error 1.4296981689643607e-14
Time step = 341
|R| =  1.4296981689643607e-14
Cell ID =  0
e11 =  4.8784173251343955e-05
e22 =  0.00019050469658042814
e12 =  -0.00037395298962090366
s11 =  12.996198770883998
s22 =  5.649189849022308
s12 =  -3.3506187870032953
Global dimensionality : 2
# of batches : 4
WARNING: If using a solver that requires a Jacobian, Dirichlet BCs are being applied but multi-point constraints are NOT.
End of iteration -1 rel error 1.0, abs error 0.004514225107207972
End of iteration 0 rel error 3.2468525652374314e-12, abs error 1.4657023369397423e-14
Time step = 342
|R| =  1.4657023369397423e-14
Cell ID =  0
e11 =  4.8910316674294546e-05
e22 =  0.00019056559095804467
e12 =  -0.0003717569647348317
s11 =  13.026454142193959
s22 =  5.65185332993138
s12 =  -3.3309424040240905
Global dimensionality : 2
# of batches : 4
WARNING: If using a solver that requires a Jacobian, Dirichlet BCs are being applied but multi-point constraints are NOT.
End of iteration -1 rel error 1.0, abs error 0.004518748277561423
End of iteration 0 rel error 3.243861904117936e-12, abs error 1.465819539188004e-14
Time step = 343
|R| =  1.465819539188004e-14
Cell ID =  0
e11 =  4.903225620368317e-05
e22 =  0.0001905927725848855
e12 =  -0.00036937991565224356
s11 =  13.055455389635455
s22 =  5.653551464720221
s12 =  -3.309644044244101
Global dimensionality : 2
# of batches : 4
WARNING: If using a solver that requires a Jacobian, Dirichlet BCs are being applied but multi-point constraints are NOT.
End of iteration -1 rel error 1.0, abs error 0.0045227702700035635
End of iteration 0 rel error 3.2142382016444722e-12, abs error 1.453726097910734e-14
Time step = 344
|R| =  1.453726097910734e-14
Cell ID =  0
e11 =  4.914794153146153e-05
e22 =  0.00019059341066774536
e12 =  -0.0003668523979228261
s11 =  13.082774052579115
s22 =  5.654466695593728
s12 =  -3.2869974853885204
Global dimensionality : 2
# of batches : 4
WARNING: If using a solver that requires a Jacobian, Dirichlet BCs are being applied but multi-point constraints are NOT.
End of iteration -1 rel error 1.0, abs error 0.00452603476108331
End of iteration 0 rel error 3.3708037200507913e-12, abs error 1.5256374809738815e-14
Time step = 345
|R| =  1.5256374809738815e-14
Cell ID =  0
e11 =  4.9255390882835216e-05
e22 =  0.00019057429015412758
e12 =  -0.00036420207091394057
s11 =  13.107994869954014
s22 =  5.654771365208187
s12 =  -3.2632505553889057
Global dimensionality : 2
# of batches : 4
WARNING: If using a solver that requires a Jacobian, Dirichlet BCs are being applied but multi-point constraints are NOT.
End of iteration -1 rel error 1.0, abs error 0.0045285621312290344
End of iteration 0 rel error 3.1978954535854553e-12, abs error 1.448186825073659e-14
Time step = 346
|R| =  1.448186825073659e-14
Cell ID =  0
e11 =  4.9352745829636214e-05
e22 =  0.00019054176801434143
e12 =  -0.0003614537630079304
s11 =  13.130728382679829
s22 =  5.654626932415109
s12 =  -3.238625716551055
Global dimensionality : 2
# of batches : 4
WARNING: If using a solver that requires a Jacobian, Dirichlet BCs are being applied but multi-point constraints are NOT.
End of iteration -1 rel error 1.0, abs error 0.004530055049240157
End of iteration 0 rel error 3.4416973427186658e-12, abs error 1.5591078425339122e-14
Time step = 347
|R| =  1.5591078425339122e-14
Cell ID =  0
e11 =  4.943832260297108e-05
e22 =  0.00019050168405994488
e12 =  -0.00035862973306209487
s11 =  13.150622356823158
s22 =  5.654181903003012
s12 =  -3.2133224082363685
Global dimensionality : 2
# of batches : 4
WARNING: If using a solver that requires a Jacobian, Dirichlet BCs are being applied but multi-point constraints are NOT.
End of iteration -1 rel error 1.0, abs error 0.004530835712437547
End of iteration 0 rel error 3.665103412348231e-12, abs error 1.660598143044408e-14
Time step = 348
|R| =  1.660598143044408e-14
Cell ID =  0
e11 =  4.951061726601528e-05
e22 =  0.0001904594097538279
e12 =  -0.0003557496579189058
s11 =  13.167363383619163
s22 =  5.653573220258192
s12 =  -3.1875169349533947
Global dimensionality : 2
# of batches : 4
WARNING: If using a solver that requires a Jacobian, Dirichlet BCs are being applied but multi-point constraints are NOT.
End of iteration -1 rel error 1.0, abs error 0.004530973225526414
End of iteration 0 rel error 3.053962499695189e-12, abs error 1.3837422317880622e-14
Time step = 349
|R| =  1.3837422317880622e-14
Cell ID =  0
e11 =  4.9568330255353105e-05
e22 =  0.00019041979042081083
e12 =  -0.00035283084629083596
s11 =  13.180682225392832
s22 =  5.65292485651903
s12 =  -3.161364382765889
Global dimensionality : 2
# of batches : 4
WARNING: If using a solver that requires a Jacobian, Dirichlet BCs are being applied but multi-point constraints are NOT.
End of iteration -1 rel error 1.0, abs error 0.0045302729766520024
End of iteration 0 rel error 3.4238747809291183e-12, abs error 1.551108739548348e-14
Time step = 350
|R| =  1.551108739548348e-14
Cell ID =  0
e11 =  4.9610388550996974e-05
e22 =  0.00019038708870655036
e12 =  -0.00034988844234851916
s11 =  13.190358611288463
s22 =  5.65234642086862
s12 =  -3.1350004434427303
Global dimensionality : 2
# of batches : 4
WARNING: If using a solver that requires a Jacobian, Dirichlet BCs are being applied but multi-point constraints are NOT.
End of iteration -1 rel error 1.0, abs error 0.0045291231690214595
End of iteration 0 rel error 3.523022516797301e-12, abs error 1.595620290581095e-14
Time step = 351
|R| =  1.595620290581095e-14
Cell ID =  0
e11 =  4.963592053238757e-05
e22 =  0.0001903650663340005
e12 =  -0.0003469354138569255
s11 =  13.19621593501342
s22 =  5.651935226000005
s12 =  -3.108541308158051
Global dimensionality : 2
# of batches : 4
WARNING: If using a solver that requires a Jacobian, Dirichlet BCs are being applied but multi-point constraints are NOT.
End of iteration -1 rel error 1.0, abs error 0.0045275340597664285
End of iteration 0 rel error 3.323802890150443e-12, abs error 1.5048630793106223e-14
Time step = 352
|R| =  1.5048630793106223e-14
Cell ID =  0
e11 =  4.9644265142527563e-05
e22 =  0.00019035694185558376
e12 =  -0.0003439828105807028
s11 =  13.198123090730666
s22 =  5.651775190450068
s12 =  -3.0820859828030955
Global dimensionality : 2
# of batches : 4
WARNING: If using a solver that requires a Jacobian, Dirichlet BCs are being applied but multi-point constraints are NOT.
End of iteration -1 rel error 1.0, abs error 0.004525704379286418
End of iteration 0 rel error 3.209820440184123e-12, abs error 1.4526698422864345e-14
Time step = 353
|R| =  1.4526698422864345e-14
Cell ID =  0
e11 =  4.9634953608440496e-05
e22 =  0.00019036543214561875
e12 =  -0.0003410398543113397
s11 =  13.195990479125536
s22 =  5.651937844741549
s12 =  -3.055717094629602
Global dimensionality : 2
# of batches : 4
WARNING: If using a solver that requires a Jacobian, Dirichlet BCs are being applied but multi-point constraints are NOT.
End of iteration -1 rel error 1.0, abs error 0.004523444210277781
End of iteration 0 rel error 3.4981712639314883e-12, abs error 1.5823782550391e-14
Time step = 354
|R| =  1.5823782550391e-14
Cell ID =  0
e11 =  4.960771433875627e-05
e22 =  0.00019039272409618956
e12 =  -0.00033811421127879506
s11 =  13.189770944137338
s22 =  5.652481586293338
s12 =  -3.029503333058002
Global dimensionality : 2
# of batches : 4
WARNING: If using a solver that requires a Jacobian, Dirichlet BCs are being applied but multi-point constraints are NOT.
End of iteration -1 rel error 1.0, abs error 0.004521125954881295
End of iteration 0 rel error 3.3019610242517133e-12, abs error 1.4928581688750846e-14
Time step = 355
|R| =  1.4928581688750846e-14
Cell ID =  0
e11 =  4.956242764369509e-05
e22 =  0.00019044058784142758
e12 =  -0.00033521198205384566
s11 =  13.179449960670883
s22 =  5.653454460673456
s12 =  -3.0034993592024555
Global dimensionality : 2
# of batches : 4
WARNING: If using a solver that requires a Jacobian, Dirichlet BCs are being applied but multi-point constraints are NOT.
End of iteration -1 rel error 1.0, abs error 0.0045188241852584035
End of iteration 0 rel error 3.2325766403490524e-12, abs error 1.4607445503110655e-14
Time step = 356
|R| =  1.4607445503110655e-14
Cell ID =  0
e11 =  4.9499120329719436e-05
e22 =  0.00019051037463934257
e12 =  -0.0003323379472954428
s11 =  13.165044341940417
s22 =  5.654894061056866
s12 =  -2.977748007767166
Global dimensionality : 2
# of batches : 4
WARNING: If using a solver that requires a Jacobian, Dirichlet BCs are being applied but multi-point constraints are NOT.
End of iteration -1 rel error 1.0, abs error 0.0045163150514095024
End of iteration 0 rel error 3.3652618105042616e-12, abs error 1.519858256671399e-14
Time step = 357
|R| =  1.519858256671399e-14
Cell ID =  0
e11 =  4.941796484470391e-05
e22 =  0.00019060301098500904
e12 =  -0.00032949580236257153
s11 =  13.146601991966731
s22 =  5.656827358722853
s12 =  -2.9522823891686394
Global dimensionality : 2
# of batches : 4
WARNING: If using a solver that requires a Jacobian, Dirichlet BCs are being applied but multi-point constraints are NOT.
End of iteration -1 rel error 1.0, abs error 0.004513935631174338
End of iteration 0 rel error 3.3777937443841113e-12, abs error 1.5247143537533224e-14
Time step = 358
|R| =  1.5247143537533224e-14
Cell ID =  0
e11 =  4.931922823616977e-05
e22 =  0.00019071912317949457
e12 =  -0.0003266881315729029
s11 =  13.124190820940031
s22 =  5.659273753475635
s12 =  -2.9271256588932086
Global dimensionality : 2
# of batches : 4
WARNING: If using a solver that requires a Jacobian, Dirichlet BCs are being applied but multi-point constraints are NOT.
End of iteration -1 rel error 1.0, abs error 0.004511629480305127
End of iteration 0 rel error 3.641537172506329e-12, abs error 1.6429266461106534e-14
Time step = 359
|R| =  1.6429266461106534e-14
Cell ID =  0
e11 =  4.9203274161871716e-05
e22 =  0.00019085902552060314
e12 =  -0.000323916669579825
s11 =  13.097899128301117
s22 =  5.662244762517937
s12 =  -2.9022933594352307
Global dimensionality : 2
# of batches : 4
WARNING: If using a solver that requires a Jacobian, Dirichlet BCs are being applied but multi-point constraints are NOT.
End of iteration -1 rel error 1.0, abs error 0.004509425791158186
End of iteration 0 rel error 5.825645856656656e-12, abs error 2.627031767616135e-14
Time step = 360
|R| =  2.627031767616135e-14
Cell ID =  0
e11 =  4.907054118415414e-05
e22 =  0.00019102277177308872
e12 =  -0.00032118239520934804
s11 =  13.067830877308747
s22 =  5.665745276065556
s12 =  -2.877794261075757
Global dimensionality : 2
# of batches : 4
WARNING: If using a solver that requires a Jacobian, Dirichlet BCs are being applied but multi-point constraints are NOT.
End of iteration -1 rel error 1.0, abs error 0.004507440505578774
End of iteration 0 rel error 5.704128225390359e-12, abs error 2.571101861213967e-14
Time step = 361
|R| =  2.571101861213967e-14
Cell ID =  0
e11 =  4.8921520044322195e-05
e22 =  0.00019121020918245354
e12 =  -0.0003184856223208046
s11 =  13.03410074852003
s22 =  5.669774875421317
s12 =  -2.853631175994408
Global dimensionality : 2
# of batches : 4
WARNING: If using a solver that requires a Jacobian, Dirichlet BCs are being applied but multi-point constraints are NOT.
End of iteration -1 rel error 1.0, abs error 0.004505494900481996
End of iteration 0 rel error 5.892668055142776e-12, abs error 2.654938587267894e-14
Time step = 362
|R| =  2.654938587267894e-14
Cell ID =  0
e11 =  4.875675725648822e-05
e22 =  0.00019142097282020388
e12 =  -0.0003158262013059156
s11 =  12.996834944436273
s22 =  5.674327704409412
s12 =  -2.8298027637010024
Global dimensionality : 2
# of batches : 4
WARNING: If using a solver that requires a Jacobian, Dirichlet BCs are being applied but multi-point constraints are NOT.
End of iteration -1 rel error 1.0, abs error 0.004503499651685774
End of iteration 0 rel error 5.682330549479297e-12, abs error 2.5590373650343447e-14
Time step = 363
|R| =  2.5590373650343447e-14
Cell ID =  0
e11 =  4.8576837157057296e-05
e22 =  0.00019165453249574406
e12 =  -0.00031320358647465494
s11 =  12.956167315302567
s22 =  5.679393628010375
s12 =  -2.806304134812907
Global dimensionality : 2
# of batches : 4
WARNING: If using a solver that requires a Jacobian, Dirichlet BCs are being applied but multi-point constraints are NOT.
End of iteration -1 rel error 1.0, abs error 0.004502031253875409
End of iteration 0 rel error 5.386758923278229e-12, abs error 2.4251357029690834e-14
Time step = 364
|R| =  2.4251357029690834e-14
Cell ID =  0
e11 =  4.838232422773325e-05
e22 =  0.00019191032403397646
e12 =  -0.0003106167005554211
s11 =  12.912226759921007
s22 =  5.684961416908916
s12 =  -2.783125636976572
Global dimensionality : 2
# of batches : 4
WARNING: If using a solver that requires a Jacobian, Dirichlet BCs are being applied but multi-point constraints are NOT.
End of iteration -1 rel error 1.0, abs error 0.004500512626336517
End of iteration 0 rel error 5.437076852184427e-12, abs error 2.4469633023618018e-14
Time step = 365
|R| =  2.4469633023618018e-14
Cell ID =  0
e11 =  4.817382983757548e-05
e22 =  0.00019218760777750825
e12 =  -0.00030806439409923636
s11 =  12.86515188583441
s22 =  5.691015350518332
s12 =  -2.7602569711291567
Global dimensionality : 2
# of batches : 4
WARNING: If using a solver that requires a Jacobian, Dirichlet BCs are being applied but multi-point constraints are NOT.
End of iteration -1 rel error 1.0, abs error 0.004498938924014494
End of iteration 0 rel error 5.775268589291923e-12, abs error 2.5982580653003712e-14
Time step = 366
|R| =  2.5982580653003712e-14
Cell ID =  0
e11 =  4.795196788704199e-05
e22 =  0.00019248557327321123
e12 =  -0.000305545313066656
s11 =  12.815081348969118
s22 =  5.697537769190328
s12 =  -2.7376860050772365
Global dimensionality : 2
# of batches : 4
WARNING: If using a solver that requires a Jacobian, Dirichlet BCs are being applied but multi-point constraints are NOT.
End of iteration -1 rel error 1.0, abs error 0.004497878690404736
End of iteration 0 rel error 5.6580621066206105e-12, abs error 2.5449276978355375e-14
Time step = 367
|R| =  2.5449276978355375e-14
Cell ID =  0
e11 =  4.7717304485720495e-05
e22 =  0.0001928034503041135
e12 =  -0.00030305776493272244
s11 =  12.762142833842658
s22 =  5.70451175568951
s12 =  -2.715397573797192
Global dimensionality : 2
# of batches : 4
WARNING: If using a solver that requires a Jacobian, Dirichlet BCs are being applied but multi-point constraints are NOT.
End of iteration -1 rel error 1.0, abs error 0.004496556381012786
End of iteration 0 rel error 5.240449346683466e-12, abs error 2.3563975949203823e-14
Time step = 368
|R| =  2.3563975949203823e-14
Cell ID =  0
e11 =  4.744775900468652e-05
e22 =  0.00019313845237182712
e12 =  -0.0003005913268476336
s11 =  12.701101406584938
s22 =  5.711688897347489
s12 =  -2.693298288554796
Global dimensionality : 2
# of batches : 4
WARNING: If using a solver that requires a Jacobian, Dirichlet BCs are being applied but multi-point constraints are NOT.
End of iteration -1 rel error 1.0, abs error 0.0044957308506197976
End of iteration 0 rel error 5.3355797481007865e-12, abs error 2.3987330479478915e-14
Time step = 369
|R| =  2.3987330479478915e-14
Cell ID =  0
e11 =  4.71663848201757e-05
e22 =  0.00019349146761521059
e12 =  -0.00029815259805698695
s11 =  12.637406941167784
s22 =  5.719272632344942
s12 =  -2.671447278590602
Global dimensionality : 2
# of batches : 4
WARNING: If using a solver that requires a Jacobian, Dirichlet BCs are being applied but multi-point constraints are NOT.
End of iteration -1 rel error 1.0, abs error 0.00449482157390326
End of iteration 0 rel error 5.837884353477111e-12, abs error 2.6240248537961208e-14
Time step = 370
|R| =  2.6240248537961208e-14
Cell ID =  0
e11 =  4.687375500449286e-05
e22 =  0.00019386152179566013
e12 =  -0.0002957396939348793
s11 =  12.571187183071627
s22 =  5.727240452812122
s12 =  -2.649827657656517
Global dimensionality : 2
# of batches : 4
WARNING: If using a solver that requires a Jacobian, Dirichlet BCs are being applied but multi-point constraints are NOT.
End of iteration -1 rel error 1.0, abs error 0.004493813813520703
End of iteration 0 rel error 5.418462363149604e-12, abs error 2.4349561015563723e-14
Time step = 371
|R| =  2.4349561015563723e-14
Cell ID =  0
e11 =  4.6570401640105305e-05
e22 =  0.00019424774314535386
e12 =  -0.0002933510063869919
s11 =  12.502560994980595
s22 =  5.73557236790226
s12 =  -2.628425017227446
Global dimensionality : 2
# of batches : 4
WARNING: If using a solver that requires a Jacobian, Dirichlet BCs are being applied but multi-point constraints are NOT.
End of iteration -1 rel error 1.0, abs error 0.004493275250465972
End of iteration 0 rel error 5.716646133207209e-12, abs error 2.5686464586011954e-14
Time step = 372
|R| =  2.5686464586011954e-14
Cell ID =  0
e11 =  4.625678663442018e-05
e22 =  0.00019464935951433348
e12 =  -0.00029098473100766146
s11 =  12.431631443913782
s22 =  5.744250598418275
s12 =  -2.607223189828645
Global dimensionality : 2
# of batches : 4
WARNING: If using a solver that requires a Jacobian, Dirichlet BCs are being applied but multi-point constraints are NOT.
End of iteration -1 rel error 1.0, abs error 0.004492621503058973
End of iteration 0 rel error 5.763151218569781e-12, abs error 2.5891657089927122e-14
Time step = 373
|R| =  2.5891657089927122e-14
Cell ID =  0
e11 =  4.593339316289079e-05
e22 =  0.00019506553645602093
e12 =  -0.00028863931103841723
s11 =  12.35850613500488
s22 =  5.753255806619645
s12 =  -2.586208226904217
Global dimensionality : 2
# of batches : 4
WARNING: If using a solver that requires a Jacobian, Dirichlet BCs are being applied but multi-point constraints are NOT.
End of iteration -1 rel error 1.0, abs error 0.004491844881313352
End of iteration 0 rel error 5.440075644620587e-12, abs error 2.443597593824642e-14
Time step = 374
|R| =  2.443597593824642e-14
Cell ID =  0
e11 =  4.5600680623630844e-05
e22 =  0.00019549546473624017
e12 =  -0.00028631323714676285
s11 =  12.283287255091684
s22 =  5.762569167832988
s12 =  -2.5653666048349937
Global dimensionality : 2
# of batches : 4
WARNING: If using a solver that requires a Jacobian, Dirichlet BCs are being applied but multi-point constraints are NOT.
End of iteration -1 rel error 1.0, abs error 0.004491514519549343
End of iteration 0 rel error 6.157604077506147e-12, abs error 2.7656968119755096e-14
Time step = 375
|R| =  2.7656968119755096e-14
Cell ID =  0
e11 =  4.5259034263682035e-05
e22 =  0.0001959384539583354
e12 =  -0.00028400484955784944
s11 =  12.20606040571769
s22 =  5.772174569934909
s12 =  -2.5446834520383295
Global dimensionality : 2
# of batches : 4
WARNING: If using a solver that requires a Jacobian, Dirichlet BCs are being applied but multi-point constraints are NOT.
End of iteration -1 rel error 1.0, abs error 0.0044910474127803825
End of iteration 0 rel error 5.550339195342268e-12, abs error 2.4926836483295444e-14
Time step = 376
|R| =  2.4926836483295444e-14
Cell ID =  0
e11 =  4.4908862975204925e-05
e22 =  0.00019639376173110362
e12 =  -0.00028171277148058643
s11 =  12.126916367707722
s22 =  5.782054645728698
s12 =  -2.5241464324660527
Global dimensionality : 2
# of batches : 4
WARNING: If using a solver that requires a Jacobian, Dirichlet BCs are being applied but multi-point constraints are NOT.
End of iteration -1 rel error 1.0, abs error 0.004490437578289303
End of iteration 0 rel error 5.507061673734345e-12, abs error 2.4729116685693487e-14
Time step = 377
|R| =  2.4729116685693487e-14
Cell ID =  0
e11 =  4.4541964347405504e-05
e22 =  0.00019685244944938105
e12 =  -0.0002794732632923283
s11 =  12.04384917038928
s22 =  5.791898450555908
s12 =  -2.5040804390992597
Global dimensionality : 2
# of batches : 4
WARNING: If using a solver that requires a Jacobian, Dirichlet BCs are being applied but multi-point constraints are NOT.
End of iteration -1 rel error 1.0, abs error 0.004490256041530671
End of iteration 0 rel error 5.955736115379715e-12, abs error 2.674278007384617e-14
Time step = 378
|R| =  2.674278007384617e-14
Cell ID =  0
e11 =  4.4167106445113567e-05
e22 =  0.0001973219491515377
e12 =  -0.0002772479985361255
s11 =  11.958986648218332
s22 =  5.8019796357504285
s12 =  -2.484142066883683
Global dimensionality : 2
# of batches : 4
WARNING: If using a solver that requires a Jacobian, Dirichlet BCs are being applied but multi-point constraints are NOT.
End of iteration -1 rel error 1.0, abs error 0.004489922202339477
End of iteration 0 rel error 6.277704182647618e-12, abs error 2.818640338938894e-14
Time step = 379
|R| =  2.818640338938894e-14
Cell ID =  0
e11 =  4.3784631248499435e-05
e22 =  0.00019780159801045748
e12 =  -0.0002750357589629689
s11 =  11.872404401184088
s22 =  5.812282516255818
s12 =  -2.4643204003081993
Global dimensionality : 2
# of batches : 4
WARNING: If using a solver that requires a Jacobian, Dirichlet BCs are being applied but multi-point constraints are NOT.
End of iteration -1 rel error 1.0, abs error 0.004489430599460025
End of iteration 0 rel error 5.498675928585262e-12, abs error 2.4685923970304942e-14
Time step = 380
|R| =  2.4685923970304942e-14
Cell ID =  0
e11 =  4.339485737228554e-05
e22 =  0.00019829079671310567
e12 =  -0.0002728354890872748
s11 =  11.784173005403263
s22 =  5.82279298296925
s12 =  -2.44460598222198
Global dimensionality : 2
# of batches : 4
WARNING: If using a solver that requires a Jacobian, Dirichlet BCs are being applied but multi-point constraints are NOT.
End of iteration -1 rel error 1.0, abs error 0.00448935401871872
End of iteration 0 rel error 6.41213394732589e-12, abs error 2.8786339304990217e-14
Time step = 381
|R| =  2.8786339304990217e-14
Cell ID =  0
e11 =  4.2998030518250596e-05
e22 =  0.00019878906656333497
e12 =  -0.0002706459874727133
s11 =  11.694346757830429
s22 =  5.833499698173915
s12 =  -2.4249880477555092
Global dimensionality : 2
# of batches : 4
WARNING: If using a solver that requires a Jacobian, Dirichlet BCs are being applied but multi-point constraints are NOT.
End of iteration -1 rel error 1.0, abs error 0.004488920067765012
End of iteration 0 rel error 5.4744072468139704e-12, abs error 2.457417654934144e-14
Time step = 382
|R| =  2.457417654934144e-14
Cell ID =  0
e11 =  4.259444958995802e-05
e22 =  0.00019929584722196025
e12 =  -0.00026846641893183136
s11 =  11.602991883097971
s22 =  5.844389478120027
s12 =  -2.405459113629207
Global dimensionality : 2
# of batches : 4
WARNING: If using a solver that requires a Jacobian, Dirichlet BCs are being applied but multi-point constraints are NOT.
End of iteration -1 rel error 1.0, abs error 0.004488894700313706
End of iteration 0 rel error 5.902807924166097e-12, abs error 2.6497083207758938e-14
Time step = 383
|R| =  2.6497083207758938e-14
Cell ID =  0
e11 =  4.2184324442358844e-05
e22 =  0.00019981072400573324
e12 =  -0.00026629571865270516
s11 =  11.510154711260578
s22 =  5.8554524780048665
s12 =  -2.386009639128236
Global dimensionality : 2
# of batches : 4
WARNING: If using a solver that requires a Jacobian, Dirichlet BCs are being applied but multi-point constraints are NOT.
End of iteration -1 rel error 1.0, abs error 0.004488698409457566
End of iteration 0 rel error 5.834146675699653e-12, abs error 2.618772490375518e-14
Time step = 384
|R| =  2.618772490375518e-14
Cell ID =  0
e11 =  4.1767903308448097e-05
e22 =  0.00020033322746514966
e12 =  -0.0002641331135387246
s11 =  11.415890208644557
s22 =  5.8666776355772
s12 =  -2.3666326973069705
Global dimensionality : 2
# of batches : 4
WARNING: If using a solver that requires a Jacobian, Dirichlet BCs are being applied but multi-point constraints are NOT.
End of iteration -1 rel error 1.0, abs error 0.004488328825131612
End of iteration 0 rel error 5.4526953308434184e-12, abs error 2.4473489628085065e-14
Time step = 385
|R| =  2.4473489628085065e-14
Cell ID =  0
e11 =  4.134542077801865e-05
e22 =  0.0002008629152458173
e12 =  -0.0002619778913272974
s11 =  11.320250330593298
s22 =  5.878054532370327
s12 =  -2.3473219062925827
Global dimensionality : 2
# of batches : 4
WARNING: If using a solver that requires a Jacobian, Dirichlet BCs are being applied but multi-point constraints are NOT.
End of iteration -1 rel error 1.0, abs error 0.0044883605990903765
End of iteration 0 rel error 5.45270410269574e-12, abs error 2.4473702253038007e-14
Time step = 386
|R| =  2.4473702253038007e-14
Cell ID =  0
e11 =  4.091704136711704e-05
e22 =  0.00020139946010730325
e12 =  -0.0002598291759864708
s11 =  11.223271380936511
s22 =  5.889575391083034
s12 =  -2.3280694168387766
Global dimensionality : 2
# of batches : 4
WARNING: If using a solver that requires a Jacobian, Dirichlet BCs are being applied but multi-point constraints are NOT.
End of iteration -1 rel error 1.0, abs error 0.0044882150348907555
End of iteration 0 rel error 6.025666172927967e-12, abs error 2.7044485512567937e-14
Time step = 387
|R| =  2.7044485512567937e-14
Cell ID =  0
e11 =  4.048297314810931e-05
e22 =  0.00020194247401526306
e12 =  -0.00025768637443456964
s11 =  11.124999475617301
s22 =  5.9012310903758385
s12 =  -2.308869914933742
Global dimensionality : 2
# of batches : 4
WARNING: If using a solver that requires a Jacobian, Dirichlet BCs are being applied but multi-point constraints are NOT.
End of iteration -1 rel error 1.0, abs error 0.004487890509881956
End of iteration 0 rel error 5.6377414331743775e-12, abs error 2.5301566275111586e-14
Time step = 388
|R| =  2.5301566275111586e-14
Cell ID =  0
e11 =  4.004341356303413e-05
e22 =  0.00020249159141270704
e12 =  -0.00025554894434875347
s11 =  11.025478395118007
s22 =  5.913013048310763
s12 =  -2.289718541364829
Global dimensionality : 2
# of batches : 4
WARNING: If using a solver that requires a Jacobian, Dirichlet BCs are being applied but multi-point constraints are NOT.
End of iteration -1 rel error 1.0, abs error 0.0044879623969454425
End of iteration 0 rel error 6.1811905794565e-12, abs error 2.7740950888954183e-14
Time step = 389
|R| =  2.7740950888954183e-14
Cell ID =  0
e11 =  3.9660936934300695e-05
e22 =  0.00020297584894207204
e12 =  -0.0002535525515033198
s11 =  10.93893156761778
s22 =  5.92344342556527
s12 =  -2.271830861469743
Global dimensionality : 2
# of batches : 4
WARNING: If using a solver that requires a Jacobian, Dirichlet BCs are being applied but multi-point constraints are NOT.
End of iteration -1 rel error 1.0, abs error 0.0044878525013288565
End of iteration 0 rel error 5.546707160775703e-12, abs error 2.4892803605625918e-14
Time step = 390
|R| =  2.4892803605625918e-14
Cell ID =  0
e11 =  3.9275041664951016e-05
e22 =  0.00020346358438677413
e12 =  -0.0002515641816364936
s11 =  10.851604571442822
s22 =  5.933943501651748
s12 =  -2.254015067462981
Global dimensionality : 2
# of batches : 4
WARNING: If using a solver that requires a Jacobian, Dirichlet BCs are being applied but multi-point constraints are NOT.
End of iteration -1 rel error 1.0, abs error 0.004487560840708519
End of iteration 0 rel error 5.830318404021705e-12, abs error 2.6163908558749992e-14
Time step = 391
|R| =  2.6163908558749992e-14
Cell ID =  0
e11 =  3.888593421151267e-05
e22 =  0.00020395439516049884
e12 =  -0.0002495833311578954
s11 =  10.76354302812556
s22 =  5.944503740085134
s12 =  -2.2362666471747406
Global dimensionality : 2
# of batches : 4
WARNING: If using a solver that requires a Jacobian, Dirichlet BCs are being applied but multi-point constraints are NOT.
End of iteration -1 rel error 1.0, abs error 0.004487661914945079
End of iteration 0 rel error 6.2120036840662795e-12, abs error 2.7877372348482766e-14
Time step = 392
|R| =  2.7877372348482766e-14
Cell ID =  0
e11 =  3.8493757591874826e-05
e22 =  0.00020444804544527168
e12 =  -0.0002476095321093404
s11 =  10.674778875032032
s22 =  5.955118726145431
s12 =  -2.218581407699688
Global dimensionality : 2
# of batches : 4
WARNING: If using a solver that requires a Jacobian, Dirichlet BCs are being applied but multi-point constraints are NOT.
End of iteration -1 rel error 1.0, abs error 0.004487578013812009
End of iteration 0 rel error 5.46749113255695e-12, abs error 2.4535792997174687e-14
Time step = 393
|R| =  2.4535792997174687e-14
Cell ID =  0
e11 =  3.809869888604363e-05
e22 =  0.00020494423526195944
e12 =  -0.00024564256080838076
s11 =  10.585353954936501
s22 =  5.965781611837284
s12 =  -2.20095734484309
Global dimensionality : 2
# of batches : 4
WARNING: If using a solver that requires a Jacobian, Dirichlet BCs are being applied but multi-point constraints are NOT.
End of iteration -1 rel error 1.0, abs error 0.004487308424835623
End of iteration 0 rel error 5.0753715199614786e-12, abs error 2.2774757380693925e-14
Time step = 394
|R| =  2.2774757380693925e-14
Cell ID =  0
e11 =  3.770093870852747e-05
e22 =  0.00020544267815326316
e12 =  -0.0002436822213629152
s11 =  10.495308688999446
s22 =  5.9764858731088895
s12 =  -2.1833927034117186
Global dimensionality : 2
# of batches : 4
WARNING: If using a solver that requires a Jacobian, Dirichlet BCs are being applied but multi-point constraints are NOT.
End of iteration -1 rel error 1.0, abs error 0.004487429394029472
End of iteration 0 rel error 5.076776040703672e-12, abs error 2.278167403195822e-14
Time step = 395
|R| =  2.278167403195822e-14
Cell ID =  0
e11 =  3.730059876677482e-05
e22 =  0.00020594317991333227
e12 =  -0.00024172813073897208
s11 =  10.404670305976344
s22 =  5.9872270811778225
s12 =  -2.1658840514211883
Global dimensionality : 2
# of batches : 4
WARNING: If using a solver that requires a Jacobian, Dirichlet BCs are being applied but multi-point constraints are NOT.
End of iteration -1 rel error 1.0, abs error 0.004487171092651751
End of iteration 0 rel error 5.581193672162129e-12, abs error 2.5043770908216778e-14
Time step = 396
|R| =  2.5043770908216778e-14
Cell ID =  0
e11 =  3.6897739084873295e-05
e22 =  0.00020645046218722353
e12 =  -0.0002397739820787865
s11 =  10.313489611972724
s22 =  5.998136335281493
s12 =  -2.1483748794259254
Global dimensionality : 2
# of batches : 4
WARNING: If using a solver that requires a Jacobian, Dirichlet BCs are being applied but multi-point constraints are NOT.
End of iteration -1 rel error 1.0, abs error 0.004487302296740371
End of iteration 0 rel error 5.661682136290318e-12, abs error 2.5405679253589477e-14
Time step = 397
|R| =  2.5405679253589477e-14
Cell ID =  0
e11 =  3.6492692298678686e-05
e22 =  0.00020695945542328255
e12 =  -0.00023782575691855826
s11 =  10.221805809943868
s22 =  6.009075957229923
s12 =  -2.1309187819902804
Global dimensionality : 2
# of batches : 4
WARNING: If using a solver that requires a Jacobian, Dirichlet BCs are being applied but multi-point constraints are NOT.
End of iteration -1 rel error 1.0, abs error 0.004487244951310117
End of iteration 0 rel error 5.6324137691199874e-12, abs error 2.527402024917325e-14
Time step = 398
|R| =  2.527402024917325e-14
Cell ID =  0
e11 =  3.608561712456988e-05
e22 =  0.00020746996553683134
e12 =  -0.00023588348703980342
s11 =  10.129654867523861
s22 =  6.020041808737332
s12 =  -2.113516043876637
Global dimensionality : 2
# of batches : 4
WARNING: If using a solver that requires a Jacobian, Dirichlet BCs are being applied but multi-point constraints are NOT.
End of iteration -1 rel error 1.0, abs error 0.00448699943306959
End of iteration 0 rel error 5.989642101914818e-12, abs error 2.6875520715581533e-14
Time step = 399
|R| =  2.6875520715581533e-14
Cell ID =  0
e11 =  3.567666659831866e-05
e22 =  0.00020798175970154038
e12 =  -0.00023394706872159246
s11 =  10.037071110547524
s22 =  6.031028635579971
s12 =  -2.096165735745467
Global dimensionality : 2
# of batches : 4
WARNING: If using a solver that requires a Jacobian, Dirichlet BCs are being applied but multi-point constraints are NOT.
End of iteration -1 rel error 1.0, abs error 0.0044871422705391115
End of iteration 0 rel error 5.5908143176916825e-12, abs error 2.508677925164963e-14
Time step = 400
|R| =  2.508677925164963e-14
Cell ID =  0
e11 =  3.526593560406584e-05
e22 =  0.0002084946948014393
e12 =  -0.00023201620412724262
s11 =  9.944075831088357
s22 =  6.042033214360483
s12 =  -2.0788651889800924
Global dimensionality : 2
# of batches : 4
WARNING: If using a solver that requires a Jacobian, Dirichlet BCs are being applied but multi-point constraints are NOT.
End of iteration -1 rel error 1.0, abs error 0.004487096147864035
End of iteration 0 rel error 5.861995511151729e-12, abs error 2.6303337476885187e-14
Time step = 401
|R| =  2.6303337476885187e-14
Cell ID =  0
e11 =  3.48535678406869e-05
e22 =  0.00020900856012000298
e12 =  -0.0002300908346366683
s11 =  9.85070132205229
s22 =  6.053050830123071
s12 =  -2.0616138783445463
Global dimensionality : 2
# of batches : 4
WARNING: If using a solver that requires a Jacobian, Dirichlet BCs are being applied but multi-point constraints are NOT.
End of iteration -1 rel error 1.0, abs error 0.004486860774213568
End of iteration 0 rel error 4.8707766063327365e-12, abs error 2.1854496494911438e-14
Time step = 402
|R| =  2.1854496494911438e-14
Cell ID =  0
e11 =  3.44397031226591e-05
e22 =  0.0002095231533133392
e12 =  -0.0002281709169277679
s11 =  9.756979024186617
s22 =  6.064076969418971
s12 =  -2.0444114156727986
Global dimensionality : 2
# of batches : 4
WARNING: If using a solver that requires a Jacobian, Dirichlet BCs are being applied but multi-point constraints are NOT.
End of iteration -1 rel error 1.0, abs error 0.004487012823268979
End of iteration 0 rel error 5.130638363528716e-12, abs error 2.302124012870912e-14
Time step = 403
|R| =  2.302124012870912e-14
Cell ID =  0
e11 =  3.402442350105372e-05
e22 =  0.00021003835804076675
e12 =  -0.0002262562047018717
s11 =  9.662927407375635
s22 =  6.075109050072477
s12 =  -2.0272555941287687
Global dimensionality : 2
# of batches : 4
WARNING: If using a solver that requires a Jacobian, Dirichlet BCs are being applied but multi-point constraints are NOT.
End of iteration -1 rel error 1.0, abs error 0.004486975069455129
End of iteration 0 rel error 6.291067684992014e-12, abs error 2.8227863862813958e-14
Time step = 404
|R| =  2.8227863862813958e-14
Cell ID =  0
e11 =  3.3607860989923005e-05
e22 =  0.00021055398911127006
e12 =  -0.0002243466865136553
s11 =  9.5685762037443
s22 =  6.086142972680841
s12 =  -2.01014631116235
Global dimensionality : 2
# of batches : 4
WARNING: If using a solver that requires a Jacobian, Dirichlet BCs are being applied but multi-point constraints are NOT.
End of iteration -1 rel error 1.0, abs error 0.00448674731112921
End of iteration 0 rel error 6.138209112365188e-12, abs error 2.7540593230053325e-14
Time step = 405
|R| =  2.7540593230053325e-14
Cell ID =  0
e11 =  3.319014428198872e-05
e22 =  0.0002110698680534623
e12 =  -0.00022244236162643983
s11 =  9.473954413375896
s22 =  6.097174797983483
s12 =  -1.9930835601728993
Global dimensionality : 2
# of batches : 4
WARNING: If using a solver that requires a Jacobian, Dirichlet BCs are being applied but multi-point constraints are NOT.
End of iteration -1 rel error 1.0, abs error 0.004486906313073346
End of iteration 0 rel error 5.41685325770322e-12, abs error 2.4304913078980495e-14
Time step = 406
|R| =  2.4304913078980495e-14
Cell ID =  0
e11 =  3.277134453846985e-05
e22 =  0.00021158590001346748
e12 =  -0.0002205430214432761
s11 =  9.379078101733755
s22 =  6.108202453787117
s12 =  -1.9760654721317523
Global dimensionality : 2
# of batches : 4
WARNING: If using a solver that requires a Jacobian, Dirichlet BCs are being applied but multi-point constraints are NOT.
End of iteration -1 rel error 1.0, abs error 0.004486874910134037
End of iteration 0 rel error 5.25643474564285e-12, abs error 2.3584965176981693e-14
Time step = 407
|R| =  2.3584965176981693e-14
Cell ID =  0
e11 =  3.2351583735513806e-05
e22 =  0.00021210192056627064
e12 =  -0.00021864868880264057
s11 =  9.283974792077085
s22 =  6.11922233733902
s12 =  -1.959092251671658
Global dimensionality : 2
# of batches : 4
WARNING: If using a solver that requires a Jacobian, Dirichlet BCs are being applied but multi-point constraints are NOT.
End of iteration -1 rel error 1.0, abs error 0.004486652961245452
End of iteration 0 rel error 5.676235348926797e-12, abs error 2.5467298136988525e-14
Time step = 408
|R| =  2.5467298136988525e-14
Cell ID =  0
e11 =  3.193098091928787e-05
e22 =  0.00021261777078817904
e12 =  -0.00021675939377229896
s11 =  9.188671358570046
s22 =  6.130230975358214
s12 =  -1.9421641681997972
Global dimensionality : 2
# of batches : 4
WARNING: If using a solver that requires a Jacobian, Dirichlet BCs are being applied but multi-point constraints are NOT.
End of iteration -1 rel error 1.0, abs error 0.004486817294679297
End of iteration 0 rel error 5.789065101666496e-12, abs error 2.5974477418181597e-14
Time step = 409
|R| =  2.5974477418181597e-14
Cell ID =  0
e11 =  3.150959776859102e-05
e22 =  0.0002131333733375557
e12 =  -0.00021487495492794622
s11 =  9.09318176371692
s22 =  6.14122670658966
s12 =  -1.9252795961543967
Global dimensionality : 2
# of batches : 4
WARNING: If using a solver that requires a Jacobian, Dirichlet BCs are being applied but multi-point constraints are NOT.
End of iteration -1 rel error 1.0, abs error 0.004486598456411862
End of iteration 0 rel error 6.141795851538016e-12, abs error 2.7555771787107238e-14
Time step = 410
|R| =  2.7555771787107238e-14
Cell ID =  0
e11 =  3.1087565560256866e-05
e22 =  0.0002136485560775899
e12 =  -0.0002129954932049675
s11 =  8.997535666867462
s22 =  6.152205787080742
s12 =  -1.9084396191165074
Global dimensionality : 2
# of batches : 4
WARNING: If using a solver that requires a Jacobian, Dirichlet BCs are being applied but multi-point constraints are NOT.
End of iteration -1 rel error 1.0, abs error 0.004486765666591467
End of iteration 0 rel error 6.140488064877851e-12, abs error 2.755093102560862e-14
Time step = 411
|R| =  2.755093102560862e-14
Cell ID =  0
e11 =  3.066494026190643e-05
e22 =  0.00021416325119711274
e12 =  -0.00021112083970056616
s11 =  8.901745756041588
s22 =  6.163166774943642
s12 =  -1.8916427237170712
Global dimensionality : 2
# of batches : 4
WARNING: If using a solver that requires a Jacobian, Dirichlet BCs are being applied but multi-point constraints are NOT.
End of iteration -1 rel error 1.0, abs error 0.00448674180923667
End of iteration 0 rel error 5.768660238247124e-12, abs error 2.588248907422454e-14
Time step = 412
|R| =  2.588248907422454e-14
Cell ID =  0
e11 =  3.0241829559338632e-05
e22 =  0.0002146773214673333
e12 =  -0.00020925105383328996
s11 =  8.805836391506572
s22 =  6.174106708986566
s12 =  -1.8748894423462765
Global dimensionality : 2
# of batches : 4
WARNING: If using a solver that requires a Jacobian, Dirichlet BCs are being applied but multi-point constraints are NOT.
End of iteration -1 rel error 1.0, abs error 0.004486526805545442
End of iteration 0 rel error 5.2148320630448215e-12, abs error 2.3396483837268432e-14
Time step = 413
|R| =  2.3396483837268432e-14
Cell ID =  0
e11 =  2.9818338611547064e-05
e22 =  0.00021519063380796025
e12 =  -0.0002073861982297988
s11 =  8.709831369129368
s22 =  6.18502272318913
s12 =  -1.8581803361389957
Global dimensionality : 2
# of batches : 4
WARNING: If using a solver that requires a Jacobian, Dirichlet BCs are being applied but multi-point constraints are NOT.
End of iteration -1 rel error 1.0, abs error 0.00448669755133751
End of iteration 0 rel error 5.7040106300911355e-12, abs error 2.5592170526833023e-14
Time step = 414
|R| =  2.5592170526833023e-14
Cell ID =  0
e11 =  2.939451544327484e-05
e22 =  0.0002157031338487508
e12 =  -0.00020552612008548364
s11 =  8.61374160587372
s22 =  6.195913685905916
s12 =  -1.8415140359659319
Global dimensionality : 2
# of batches : 4
WARNING: If using a solver that requires a Jacobian, Dirichlet BCs are being applied but multi-point constraints are NOT.
End of iteration -1 rel error 1.0, abs error 0.004486676964125887
End of iteration 0 rel error 5.481584736117618e-12, abs error 2.4594099962442998e-14
Time step = 415
|R| =  2.4594099962442998e-14
Cell ID =  0
e11 =  2.89201306049886e-05
e22 =  0.00021605227984921707
e12 =  -0.00020320626491116087
s11 =  8.504446626601105
s22 =  6.201892843449969
s12 =  -1.8207281336039998
Global dimensionality : 2
# of batches : 4
WARNING: If using a solver that requires a Jacobian, Dirichlet BCs are being applied but multi-point constraints are NOT.
End of iteration -1 rel error 1.0, abs error 0.0044864649830538735
End of iteration 0 rel error 6.0511748370524585e-12, abs error 2.7148384012772583e-14
Time step = 416
|R| =  2.7148384012772583e-14
Cell ID =  0
e11 =  2.844460340369232e-05
e22 =  0.00021639756361803295
e12 =  -0.00020088285488289553
s11 =  8.394851965201967
s22 =  6.207756281475313
s12 =  -1.7999103797507423
Global dimensionality : 2
# of batches : 4
WARNING: If using a solver that requires a Jacobian, Dirichlet BCs are being applied but multi-point constraints are NOT.
End of iteration -1 rel error 1.0, abs error 0.004486638579723318
End of iteration 0 rel error 6.047905747843577e-12, abs error 2.71347672548054e-14
Time step = 417
|R| =  2.71347672548054e-14
Cell ID =  0
e11 =  2.796796380764672e-05
e22 =  0.00021673891516861934
e12 =  -0.00019855565442846818
s11 =  8.284964154277409
s22 =  6.21350229618383
s12 =  -1.7790586636790733
Global dimensionality : 2
# of batches : 4
WARNING: If using a solver that requires a Jacobian, Dirichlet BCs are being applied but multi-point constraints are NOT.
End of iteration -1 rel error 1.0, abs error 0.0044866206306627635
End of iteration 0 rel error 5.043104852232646e-12, abs error 2.2626498272622478e-14
Time step = 418
|R| =  2.2626498272622478e-14
Cell ID =  0
e11 =  2.7490302050812045e-05
e22 =  0.0002170762261075754
e12 =  -0.00019622474245782436
s11 =  8.17480365738176
s22 =  6.2191285887660746
s12 =  -1.7581736924221048
Global dimensionality : 2
# of batches : 4
WARNING: If using a solver that requires a Jacobian, Dirichlet BCs are being applied but multi-point constraints are NOT.
End of iteration -1 rel error 1.0, abs error 0.0044864110995387575
End of iteration 0 rel error 5.096093659529555e-12, abs error 2.286317115840248e-14
Time step = 419
|R| =  2.286317115840248e-14
Cell ID =  0
e11 =  2.701170661968472e-05
e22 =  0.0002174093926390334
e12 =  -0.00019389020207329283
s11 =  8.064390561158255
s22 =  6.224632974054135
s12 =  -1.7372562105767022
Global dimensionality : 2
# of batches : 4
WARNING: If using a solver that requires a Jacobian, Dirichlet BCs are being applied but multi-point constraints are NOT.
End of iteration -1 rel error 1.0, abs error 0.004486586929190167
End of iteration 0 rel error 5.468028265584595e-12, abs error 2.4532784144814224e-14
Time step = 420
|R| =  2.4532784144814224e-14
Cell ID =  0
e11 =  2.653220285352114e-05
e22 =  0.000217738366219051
e12 =  -0.00019155183974958008
s11 =  7.95373047165253
s22 =  6.230014305586852
s12 =  -1.7163044841562358
Global dimensionality : 2
# of batches : 4
WARNING: If using a solver that requires a Jacobian, Dirichlet BCs are being applied but multi-point constraints are NOT.
End of iteration -1 rel error 1.0, abs error 0.004486571065383217
End of iteration 0 rel error 5.3851971498152415e-12, abs error 2.4161069713745234e-14
Time step = 421
|R| =  2.4161069713745234e-14
Cell ID =  0
e11 =  2.6051875543921508e-05
e22 =  0.000218063052211636
e12 =  -0.00018920974880487723
s11 =  7.842842674199306
s22 =  6.235270622954259
s12 =  -1.6953193492916983
Global dimensionality : 2
# of batches : 4
WARNING: If using a solver that requires a Jacobian, Dirichlet BCs are being applied but multi-point constraints are NOT.
End of iteration -1 rel error 1.0, abs error 0.00448636348199896
End of iteration 0 rel error 6.131203918947541e-12, abs error 2.750680936265516e-14
Time step = 422
|R| =  2.750680936265516e-14
Cell ID =  0
e11 =  2.557080783991375e-05
e22 =  0.0002183833604390982
e12 =  -0.00018686402636126286
s11 =  7.73174610090721
s22 =  6.240400076349649
s12 =  -1.6743016761969134
Global dimensionality : 2
# of batches : 4
WARNING: If using a solver that requires a Jacobian, Dirichlet BCs are being applied but multi-point constraints are NOT.
End of iteration -1 rel error 1.0, abs error 0.004486541135269659
End of iteration 0 rel error 5.469138061412161e-12, abs error 2.453751288699462e-14
Time step = 423
|R| =  2.453751288699462e-14
Cell ID =  0
e11 =  2.5089019583445254e-05
e22 =  0.00021869925351023523
e12 =  -0.0001845144893119313
s11 =  7.620445146419576
s22 =  6.245401785221766
s12 =  -1.6532498242349025
Global dimensionality : 2
# of batches : 4
WARNING: If using a solver that requires a Jacobian, Dirichlet BCs are being applied but multi-point constraints are NOT.
End of iteration -1 rel error 1.0, abs error 0.004486334643473002
End of iteration 0 rel error 5.351762378777048e-12, abs error 2.4009796963542953e-14
Time step = 424
|R| =  2.4009796963542953e-14
Cell ID =  0
e11 =  2.460661106357753e-05
e22 =  0.00021901063423885022
e12 =  -0.0001821613392134963
s11 =  7.508962735289693
s22 =  6.250273838845652
s12 =  -1.632165599352925
Global dimensionality : 2
# of batches : 4
WARNING: If using a solver that requires a Jacobian, Dirichlet BCs are being applied but multi-point constraints are NOT.
End of iteration -1 rel error 1.0, abs error 0.0044865133291086
End of iteration 0 rel error 5.377959157938782e-12, abs error 2.4128285445494006e-14
Time step = 425
|R| =  2.4128285445494006e-14
Cell ID =  0
e11 =  2.4123598654049347e-05
e22 =  0.00021931747183030162
e12 =  -0.00017980439805240092
s11 =  7.397302494485926
s22 =  6.255015512267704
s12 =  -1.6110474065495104
Global dimensionality : 2
# of batches : 4
WARNING: If using a solver that requires a Jacobian, Dirichlet BCs are being applied but multi-point constraints are NOT.
End of iteration -1 rel error 1.0, abs error 0.004486500140794149
End of iteration 0 rel error 5.3565910600981625e-12, abs error 2.4032346545307087e-14
Time step = 426
|R| =  2.4032346545307087e-14
Cell ID =  0
e11 =  2.3640058822047602e-05
e22 =  0.00021961969285520233
e12 =  -0.00017744377900267986
s11 =  7.285481908457173
s22 =  6.2596253672127675
s12 =  -1.5898962598640096
Global dimensionality : 2
# of batches : 4
WARNING: If using a solver that requires a Jacobian, Dirichlet BCs are being applied but multi-point constraints are NOT.
End of iteration -1 rel error 1.0, abs error 0.004486295065018172
End of iteration 0 rel error 5.5951841340224216e-12, abs error 2.5101646968332765e-14
Time step = 427
|R| =  2.5101646968332765e-14
Cell ID =  0
e11 =  2.315606650955409e-05
e22 =  0.00021991722797459312
e12 =  -0.00017507959808814528
s11 =  7.173518133282783
s22 =  6.264102066741624
s12 =  -1.5687131988697798
Global dimensionality : 2
# of batches : 4
WARNING: If using a solver that requires a Jacobian, Dirichlet BCs are being applied but multi-point constraints are NOT.
End of iteration -1 rel error 1.0, abs error 0.0044864750737540725
End of iteration 0 rel error 5.5751382184044784e-12, abs error 2.501271864960538e-14
Time step = 428
|R| =  2.501271864960538e-14
Cell ID =  0
e11 =  2.2598842065083182e-05
e22 =  0.0002202208673136703
e12 =  -0.0001725601501098088
s11 =  7.044311355843142
s22 =  6.2681794593809945
s12 =  -1.546138944983885
Global dimensionality : 2
# of batches : 4
WARNING: If using a solver that requires a Jacobian, Dirichlet BCs are being applied but multi-point constraints are NOT.
End of iteration -1 rel error 1.0, abs error 0.004486463125509939
End of iteration 0 rel error 6.723043779888772e-12, abs error 3.016268800965993e-14
Time step = 429
|R| =  3.016268800965993e-14
Cell ID =  0
e11 =  2.2039579367943168e-05
e22 =  0.00022051960641147867
e12 =  -0.00017003270713102298
s11 =  6.914585319893132
s22 =  6.272105462928904
s12 =  -1.523493055893964
Global dimensionality : 2
# of batches : 4
WARNING: If using a solver that requires a Jacobian, Dirichlet BCs are being applied but multi-point constraints are NOT.
End of iteration -1 rel error 1.0, abs error 0.0044862592338439445
End of iteration 0 rel error 5.9109281476974974e-12, abs error 2.651795598319598e-14
Time step = 430
|R| =  2.651795598319598e-14
Cell ID =  0
e11 =  2.1478331165611623e-05
e22 =  0.00022081336904015715
e12 =  -0.00016749730598073187
s11 =  6.784351887862226
s22 =  6.275878377648935
s12 =  -1.5007758615873557
Global dimensionality : 2
# of batches : 4
WARNING: If using a solver that requires a Jacobian, Dirichlet BCs are being applied but multi-point constraints are NOT.
End of iteration -1 rel error 1.0, abs error 0.004486440354189235
End of iteration 0 rel error 5.471690389660519e-12, abs error 2.4548412569802372e-14
Time step = 431
|R| =  2.4548412569802372e-14
Cell ID =  0
e11 =  2.091507931407941e-05
e22 =  0.00022110213352453159
e12 =  -0.00016495369890888326
s11 =  6.653606607713222
s22 =  6.279497463079716
s12 =  -1.4779851422235921
Global dimensionality : 2
# of batches : 4
WARNING: If using a solver that requires a Jacobian, Dirichlet BCs are being applied but multi-point constraints are NOT.
End of iteration -1 rel error 1.0, abs error 0.004486429454103039
End of iteration 0 rel error 5.178337471896184e-12, abs error 2.3232245757200508e-14
Time step = 432
|R| =  2.3232245757200508e-14
Cell ID =  0
e11 =  2.0349876037271246e-05
e22 =  0.00022138583743616663
e12 =  -0.00016240195235096762
s11 =  6.522361325329641
s22 =  6.282961397210738
s12 =  -1.455121493064668
Global dimensionality : 2
# of batches : 4
WARNING: If using a solver that requires a Jacobian, Dirichlet BCs are being applied but multi-point constraints are NOT.
End of iteration -1 rel error 1.0, abs error 0.004486226530067465
End of iteration 0 rel error 5.277159600422145e-12, abs error 2.367453340281405e-14
Time step = 433
|R| =  2.367453340281405e-14
Cell ID =  0
e11 =  1.9640363738297056e-05
e22 =  0.00022168018617537203
e12 =  -0.00016002542702114924
s11 =  6.357126766850759
s22 =  6.2856001792392275
s12 =  -1.4338278261094954
Global dimensionality : 2
# of batches : 4
WARNING: If using a solver that requires a Jacobian, Dirichlet BCs are being applied but multi-point constraints are NOT.
End of iteration -1 rel error 1.0, abs error 0.004486408563009208
End of iteration 0 rel error 6.159341742957294e-12, abs error 2.7633323538103663e-14
Time step = 434
|R| =  2.7633323538103663e-14
Cell ID =  0
e11 =  1.892616315199158e-05
e22 =  0.00022196957118875501
e12 =  -0.00015764335261311943
s11 =  6.190746774807591
s22 =  6.288065254714925
s12 =  -1.4124844394135483
Global dimensionality : 2
# of batches : 4
WARNING: If using a solver that requires a Jacobian, Dirichlet BCs are being applied but multi-point constraints are NOT.
End of iteration -1 rel error 1.0, abs error 0.004486398574755087
End of iteration 0 rel error 6.172596126469947e-12, abs error 2.7692726464333542e-14
Time step = 435
|R| =  2.7692726464333542e-14
Cell ID =  0
e11 =  1.8207297570043974e-05
e22 =  0.00022225392260114113
e12 =  -0.00015525575507603038
s11 =  6.023226306303611
s22 =  6.290354871119888
s12 =  -1.3910915654812304
Global dimensionality : 2
# of batches : 4
WARNING: If using a solver that requires a Jacobian, Dirichlet BCs are being applied but multi-point constraints are NOT.
End of iteration -1 rel error 1.0, abs error 0.004486196503886437
End of iteration 0 rel error 6.067441422456494e-12, abs error 2.7219734496960077e-14
Time step = 436
|R| =  2.7219734496960077e-14
Cell ID =  0
e11 =  1.7483797825554962e-05
e22 =  0.0002225331906318812
e12 =  -0.00015286271328827336
s11 =  5.854572254905061
s22 =  6.292467890402582
s12 =  -1.3696499110629274
Global dimensionality : 2
# of batches : 4
WARNING: If using a solver that requires a Jacobian, Dirichlet BCs are being applied but multi-point constraints are NOT.
End of iteration -1 rel error 1.0, abs error 0.00448637934115885
End of iteration 0 rel error 6.522916373964847e-12, abs error 2.9264277264262685e-14
Time step = 437
|R| =  2.9264277264262685e-14
Cell ID =  0
e11 =  1.675560272372396e-05
e22 =  0.00022280736913464353
e12 =  -0.00015046400990002156
s11 =  5.684770124616556
s22 =  6.294403667715722
s12 =  -1.3481575287041914
Global dimensionality : 2
# of batches : 4
WARNING: If using a solver that requires a Jacobian, Dirichlet BCs are being applied but multi-point constraints are NOT.
End of iteration -1 rel error 1.0, abs error 0.004486177724554543
End of iteration 0 rel error 5.08961957218578e-12, abs error 2.2832937951196672e-14
Time step = 438
|R| =  2.2832937951196672e-14
Cell ID =  0
e11 =  1.6022772905579748e-05
e22 =  0.0002230763999867878
e12 =  -0.0001480598242055038
s11 =  5.513833782037166
s22 =  6.296161065483482
s12 =  -1.3266160248813121
Global dimensionality : 2
# of batches : 4
WARNING: If using a solver that requires a Jacobian, Dirichlet BCs are being applied but multi-point constraints are NOT.
End of iteration -1 rel error 1.0, abs error 0.004486361002483367
End of iteration 0 rel error 5.71651701663496e-12, abs error 2.5646359013463646e-14
Time step = 439
|R| =  2.5646359013463646e-14
Cell ID =  0
e11 =  1.5285245395764083e-05
e22 =  0.00022334028042293532
e12 =  -0.00014564993769828493
s11 =  5.341748337007661
s22 =  6.297739518584284
s12 =  -1.305023441776631
Global dimensionality : 2
# of batches : 4
WARNING: If using a solver that requires a Jacobian, Dirichlet BCs are being applied but multi-point constraints are NOT.
End of iteration -1 rel error 1.0, abs error 0.004486352142730382
End of iteration 0 rel error 5.1337573603080625e-12, abs error 2.3031843333675945e-14
Time step = 440
|R| =  2.3031843333675945e-14
Cell ID =  0
e11 =  1.4543049471521456e-05
e22 =  0.00022359897057958386
e12 =  -0.00014323443163437793
s11 =  5.168520392696129
s22 =  6.299138151272267
s12 =  -1.2833805074440243
Global dimensionality : 2
# of batches : 4
WARNING: If using a solver that requires a Jacobian, Dirichlet BCs are being applied but multi-point constraints are NOT.
End of iteration -1 rel error 1.0, abs error 0.004486151148903947
End of iteration 0 rel error 5.58322510726387e-12, abs error 2.5047191729541177e-14
Time step = 441
|R| =  2.5047191729541177e-14
Cell ID =  0
e11 =  1.3796214782516941e-05
e22 =  0.00022385243341700912
e12 =  -0.0001408133882440962
s11 =  4.994156662109539
s22 =  6.300356168816428
s12 =  -1.2616879586671002
Global dimensionality : 2
# of batches : 4
WARNING: If using a solver that requires a Jacobian, Dirichlet BCs are being applied but multi-point constraints are NOT.
End of iteration -1 rel error 1.0, abs error 0.0044863350141807245
End of iteration 0 rel error 5.315625619712306e-12, abs error 2.3847677339991432e-14
Time step = 442
|R| =  2.3847677339991432e-14
Cell ID =  0
e11 =  1.3044676264331502e-05
e22 =  0.00022410067176769187
e12 =  -0.00013838658945359824
s11 =  4.818641805286633
s22 =  6.301393144762328
s12 =  -1.2399438415042383
Global dimensionality : 2
# of batches : 4
WARNING: If using a solver that requires a Jacobian, Dirichlet BCs are being applied but multi-point constraints are NOT.
End of iteration -1 rel error 1.0, abs error 0.004486326715070949
End of iteration 0 rel error 5.6558178113072326e-12, abs error 2.537384654244174e-14
Time step = 443
|R| =  2.537384654244174e-14
Cell ID =  0
e11 =  1.2288463003091865e-05
e22 =  0.00022434365327022606
e12 =  -0.00013595411950375995
s11 =  4.641982438479042
s22 =  6.302248409441396
s12 =  -1.2181489107536874
Global dimensionality : 2
# of batches : 4
WARNING: If using a solver that requires a Jacobian, Dirichlet BCs are being applied but multi-point constraints are NOT.
End of iteration -1 rel error 1.0, abs error 0.004486126256186776
End of iteration 0 rel error 5.4026331876483115e-12, abs error 2.4236894595655147e-14
Time step = 444
|R| =  2.4236894595655147e-14
Cell ID =  0
e11 =  1.1527604607648979e-05
e22 =  0.00022458134831240305
e12 =  -0.00013351606383099016
s11 =  4.4641853226858395
s22 =  6.3029213733026745
s12 =  -1.19630393192567
Global dimensionality : 2
# of batches : 4
WARNING: If using a solver that requires a Jacobian, Dirichlet BCs are being applied but multi-point constraints are NOT.
End of iteration -1 rel error 1.0, abs error 0.004486310632175178
End of iteration 0 rel error 5.2637018911185094e-12, abs error 2.361460175872556e-14
Time step = 445
|R| =  2.361460175872556e-14
Cell ID =  0
e11 =  1.0762034293928564e-05
e22 =  0.00022481376474179507
e12 =  -0.00013107220476677622
s11 =  4.285234750840119
s22 =  6.303411735301588
s12 =  -1.174406954710313
Global dimensionality : 2
# of batches : 4
WARNING: If using a solver that requires a Jacobian, Dirichlet BCs are being applied but multi-point constraints are NOT.
End of iteration -1 rel error 1.0, abs error 0.004486302820943282
End of iteration 0 rel error 5.357967347690936e-12, abs error 2.4037464026467842e-14
Time step = 446
|R| =  2.4037464026467842e-14
Cell ID =  0
e11 =  9.991781380293332e-06
e22 =  0.00022504087735554203
e12 =  -0.0001286226299275299
s11 =  4.10513744956683
s22 =  6.303719025626576
s12 =  -1.152458764150666
Global dimensionality : 2
# of batches : 4
WARNING: If using a solver that requires a Jacobian, Dirichlet BCs are being applied but multi-point constraints are NOT.
End of iteration -1 rel error 1.0, abs error 0.004486102828027851
End of iteration 0 rel error 5.527614877115006e-12, abs error 2.479744873247445e-14
Time step = 447
|R| =  2.479744873247445e-14
Cell ID =  0
e11 =  9.216875838348967e-06
e22 =  0.00022526266358560023
e12 =  -0.00012616742824311436
s11 =  3.923900320166843
s22 =  6.3038428524317816
s12 =  -1.1304601570583028
Global dimensionality : 2
# of batches : 4
WARNING: If using a solver that requires a Jacobian, Dirichlet BCs are being applied but multi-point constraints are NOT.
End of iteration -1 rel error 1.0, abs error 0.004486287649277143
End of iteration 0 rel error 6.085124484289974e-12, abs error 2.7299618818184055e-14
Time step = 448
|R| =  2.7299618818184055e-14
Cell ID =  0
e11 =  8.43724954230947e-06
e22 =  0.00022547913588490692
e12 =  -0.00012370638270154158
s11 =  3.7415073745224188
s22 =  6.303783031678995
s12 =  -1.1084091890058108
Global dimensionality : 2
# of batches : 4
WARNING: If using a solver that requires a Jacobian, Dirichlet BCs are being applied but multi-point constraints are NOT.
End of iteration -1 rel error 1.0, abs error 0.0044862802639635945
End of iteration 0 rel error 5.348253323019387e-12, abs error 2.3993763329739587e-14
Time step = 449
|R| =  2.3993763329739587e-14
Cell ID =  0
e11 =  7.652932409066488e-06
e22 =  0.00022569027577791124
e12 =  -0.00012123958444618219
s11 =  3.5579655327690056
s22 =  6.3035392843246445
s12 =  -1.0863066766377907
Global dimensionality : 2
# of batches : 4
WARNING: If using a solver that requires a Jacobian, Dirichlet BCs are being applied but multi-point constraints are NOT.
End of iteration -1 rel error 1.0, abs error 0.004486080678421099
End of iteration 0 rel error 5.389329388662636e-12, abs error 2.4176966440126443e-14
Time step = 450
|R| =  2.4176966440126443e-14
Cell ID =  0
e11 =  6.863955122610701e-06
e22 =  0.0002258960672871636
e12 =  -0.00011876712599539791
s11 =  3.3732819155390468
s22 =  6.303111406391761
s12 =  -1.0641534489187636
Global dimensionality : 2
# of batches : 4
WARNING: If using a solver that requires a Jacobian, Dirichlet BCs are being applied but multi-point constraints are NOT.
End of iteration -1 rel error 1.0, abs error 0.004486265889429752
End of iteration 0 rel error 5.32583869572014e-12, abs error 2.3893128473214305e-14
Time step = 451
|R| =  2.3893128473214305e-14
Cell ID =  0
e11 =  6.0702485424466574e-06
e22 =  0.00022609652700964408
e12 =  -0.00011628879108419645
s11 =  3.1874403272910565
s22 =  6.302499320622254
s12 =  -1.0419475681143986
Global dimensionality : 2
# of batches : 4
WARNING: If using a solver that requires a Jacobian, Dirichlet BCs are being applied but multi-point constraints are NOT.
End of iteration -1 rel error 1.0, abs error 0.0044860665413429535
End of iteration 0 rel error 5.457914453776446e-12, abs error 2.4484567416598616e-14
Time step = 452
|R| =  2.4484567416598616e-14
Cell ID =  0
e11 =  5.271877309490304e-06
e22 =  0.0002262916331332438
e12 =  -0.00011380477849049555
s11 =  3.0004558607369565
s22 =  6.30170292507625
s12 =  -1.0196908152748385
Global dimensionality : 2
# of batches : 4
WARNING: If using a solver that requires a Jacobian, Dirichlet BCs are being applied but multi-point constraints are NOT.
End of iteration -1 rel error 1.0, abs error 0.004486251986025974
End of iteration 0 rel error 5.612746370209604e-12, abs error 2.5180194550412913e-14
Time step = 453
|R| =  2.5180194550412913e-14
Cell ID =  0
e11 =  4.468771699350935e-06
e22 =  0.00022648140454038622
e12 =  -0.00011131487205677906
s11 =  2.8123122002077943
s22 =  6.300722201196594
s12 =  -0.9973812536287388
Global dimensionality : 2
# of batches : 4
WARNING: If using a solver that requires a Jacobian, Dirichlet BCs are being applied but multi-point constraints are NOT.
End of iteration -1 rel error 1.0, abs error 0.004486245198353847
End of iteration 0 rel error 6.219590283950887e-12, abs error 2.790260704710291e-14
Time step = 454
|R| =  2.790260704710291e-14
Cell ID =  0
e11 =  3.6609633093669783e-06
e22 =  0.0002266658328999026
e12 =  -0.00010881916882054203
s11 =  2.623016741306439
s22 =  6.299557163642061
s12 =  -0.9750197526320551
Global dimensionality : 2
# of batches : 4
WARNING: If using a solver that requires a Jacobian, Dirichlet BCs are being applied but multi-point constraints are NOT.
End of iteration -1 rel error 1.0, abs error 0.004486046185709134
End of iteration 0 rel error 5.458793957387569e-12, abs error 2.4488401811110575e-14
Time step = 455
|R| =  2.4488401811110575e-14
Cell ID =  0
e11 =  2.8484846595651042e-06
e22 =  0.00022684491212597032
e12 =  -0.00010631776722971913
s11 =  2.4325771149068425
s22 =  6.298207896352241
s12 =  -0.9526071943782819
Global dimensionality : 2
# of batches : 4
WARNING: If using a solver that requires a Jacobian, Dirichlet BCs are being applied but multi-point constraints are NOT.
End of iteration -1 rel error 1.0, abs error 0.004486231945903795
End of iteration 0 rel error 5.530650851522089e-12, abs error 2.4811782531738422e-14
Time step = 456
|R| =  2.4811782531738422e-14
Cell ID =  0
e11 =  2.0312655211882583e-06
e22 =  0.0002270186646477942
e12 =  -0.00010381045224780883
s11 =  2.240976913776084
s22 =  6.296674474985341
s12 =  -0.9301416521403656
Global dimensionality : 2
# of batches : 4
WARNING: If using a solver that requires a Jacobian, Dirichlet BCs are being applied but multi-point constraints are NOT.
End of iteration -1 rel error 1.0, abs error 0.004486225461533725
End of iteration 0 rel error 5.81644604460169e-12, abs error 2.6093888340929227e-14
Time step = 457
|R| =  2.6093888340929227e-14
Cell ID =  0
e11 =  1.2093388364987648e-06
e22 =  0.0002271870875524037
e12 =  -0.00010129732435267604
s11 =  2.048223893096899
s22 =  6.294957074540129
s12 =  -0.9076240261999757
Global dimensionality : 2
# of batches : 4
WARNING: If using a solver that requires a Jacobian, Dirichlet BCs are being applied but multi-point constraints are NOT.
End of iteration -1 rel error 1.0, abs error 0.004486026740434039
End of iteration 0 rel error 5.9276949631829905e-12, abs error 2.6591798113975064e-14
Time step = 458
|R| =  2.6591798113975064e-14
Cell ID =  0
e11 =  3.827385465652436e-07
e22 =  0.00022735018001870025
e12 =  -9.877848543862712e-05
s11 =  1.8543260601040725
s22 =  6.293055935640612
s12 =  -0.8850552295300974
Global dimensionality : 2
# of batches : 4
WARNING: If using a solver that requires a Jacobian, Dirichlet BCs are being applied but multi-point constraints are NOT.
End of iteration -1 rel error 1.0, abs error 0.004448455189281515
End of iteration 0 rel error 5.572777779188526e-12, abs error 2.4790252230543918e-14
Time step = 459
|R| =  2.4790252230543918e-14
Cell ID =  0
e11 =  -4.4813692655615067e-07
e22 =  0.00022750853301017662
e12 =  -9.626197984525939e-05
s11 =  1.6593820688004306
s22 =  6.290990499714229
s12 =  -0.8625073394135226
Global dimensionality : 2
# of batches : 4
WARNING: If using a solver that requires a Jacobian, Dirichlet BCs are being applied but multi-point constraints are NOT.
End of iteration -1 rel error 1.0, abs error 0.004448031427777535
End of iteration 0 rel error 7.008207033043941e-12, abs error 3.1172725135351e-14
Time step = 460
|R| =  3.1172725135351e-14
Cell ID =  0
e11 =  -1.283695620843565e-06
e22 =  0.00022766162936514348
e12 =  -9.373976221664903e-05
s11 =  1.463291567442186
s22 =  6.288743292596612
s12 =  -0.8399082694611738
Global dimensionality : 2
# of batches : 4
WARNING: If using a solver that requires a Jacobian, Dirichlet BCs are being applied but multi-point constraints are NOT.
End of iteration -1 rel error 1.0, abs error 0.004447415878042013
End of iteration 0 rel error 5.396224878089968e-12, abs error 2.399925620430265e-14
Time step = 461
|R| =  2.399925620430265e-14
Cell ID =  0
e11 =  -2.1238954418525793e-06
e22 =  0.00022780948596307212
e12 =  -9.121196768464021e-05
s11 =  1.2660646256396235
s22 =  6.286315107892826
s12 =  -0.8172592304543749
Global dimensionality : 2
# of batches : 4
WARNING: If using a solver that requires a Jacobian, Dirichlet BCs are being applied but multi-point constraints are NOT.
End of iteration -1 rel error 1.0, abs error 0.004447180683604243
End of iteration 0 rel error 5.22031243157512e-12, abs error 2.321567260807997e-14
Time step = 462
|R| =  2.321567260807997e-14
Cell ID =  0
e11 =  -2.968807078782692e-06
e22 =  0.00022795212866540989
e12 =  -8.867837955807835e-05
s11 =  1.06768475407776
s22 =  6.283706112648292
s12 =  -0.7945582808403806
Global dimensionality : 2
# of batches : 4
WARNING: If using a solver that requires a Jacobian, Dirichlet BCs are being applied but multi-point constraints are NOT.
End of iteration -1 rel error 1.0, abs error 0.004446753816462918
End of iteration 0 rel error 5.795014929027539e-12, abs error 2.576900475211279e-14
Time step = 463
|R| =  2.576900475211279e-14
Cell ID =  0
e11 =  -3.818394174826299e-06
e22 =  0.00022808956244989615
e12 =  -8.613910184289761e-05
s11 =  0.8681605753477509
s22 =  6.280916726666372
s12 =  -0.7718063525123612
Global dimensionality : 2
# of batches : 4
WARNING: If using a solver that requires a Jacobian, Dirichlet BCs are being applied but multi-point constraints are NOT.
End of iteration -1 rel error 1.0, abs error 0.0044461354176937124
End of iteration 0 rel error 5.710594889908723e-12, abs error 2.53900781961239e-14
Time step = 464
|R| =  2.53900781961239e-14
Cell ID =  0
e11 =  -4.668519365483937e-06
e22 =  0.00022821996134716438
e12 =  -8.361761865391734e-05
s11 =  0.668454768443655
s22 =  6.277928531844615
s12 =  -0.749213863139098
Global dimensionality : 2
# of batches : 4
WARNING: If using a solver that requires a Jacobian, Dirichlet BCs are being applied but multi-point constraints are NOT.
End of iteration -1 rel error 1.0, abs error 0.004445912782623761
End of iteration 0 rel error 6.385044785500599e-12, abs error 2.83873522294823e-14
Time step = 465
|R| =  2.83873522294823e-14
Cell ID =  0
e11 =  -5.523178333614295e-06
e22 =  0.00022834526452902862
e12 =  -8.109090583506638e-05
s11 =  0.46763898421735783
s22 =  6.274764177528823
s12 =  -0.7265745162821934
Global dimensionality : 2
# of batches : 4
WARNING: If using a solver that requires a Jacobian, Dirichlet BCs are being applied but multi-point constraints are NOT.
End of iteration -1 rel error 1.0, abs error 0.004445308493767793
End of iteration 0 rel error 6.0418538076390904e-12, abs error 2.685790404920133e-14
Time step = 466
|R| =  2.685790404920133e-14
Cell ID =  0
e11 =  -6.382289729435708e-06
e22 =  0.0002284654801683615
e12 =  -7.855919709794226e-05
s11 =  0.2657324930495525
s22 =  6.271424521012565
s12 =  -0.7038904059975613
Global dimensionality : 2
# of batches : 4
WARNING: If using a solver that requires a Jacobian, Dirichlet BCs are being applied but multi-point constraints are NOT.
End of iteration -1 rel error 1.0, abs error 0.004445085019625116
End of iteration 0 rel error 6.284200665276942e-12, abs error 2.7933806237540723e-14
Time step = 467
|R| =  2.7933806237540723e-14
Cell ID =  0
e11 =  -7.24592063762376e-06
e22 =  0.0002285806400488464
e12 =  -7.602228527371071e-05
s11 =  0.06271970261534152
s22 =  6.267909921158188
s12 =  -0.6811596760524465
Global dimensionality : 2
# of batches : 4
WARNING: If using a solver that requires a Jacobian, Dirichlet BCs are being applied but multi-point constraints are NOT.
End of iteration -1 rel error 1.0, abs error 0.004444670595507858
End of iteration 0 rel error 6.226233566313716e-12, abs error 2.7673557252958596e-14
Time step = 468
|R| =  2.7673557252958596e-14
Cell ID =  0
e11 =  -8.114028450392682e-06
e22 =  0.00022869075859678563
e12 =  -7.348028512883938e-05
s11 =  -0.1413892153068948
s22 =  6.264221107681952
s12 =  -0.6583833547543995
Global dimensionality : 2
# of batches : 4
WARNING: If using a solver that requires a Jacobian, Dirichlet BCs are being applied but multi-point constraints are NOT.
End of iteration -1 rel error 1.0, abs error 0.004444065359331815
End of iteration 0 rel error 5.7755798570038936e-12, abs error 2.56670543725656e-14
Time step = 469
|R| =  2.56670543725656e-14
Cell ID =  0
e11 =  -8.986569289258207e-06
e22 =  0.0002287958519335612
e12 =  -7.093331331915103e-05
s11 =  -0.34658377577064636
s22 =  6.260358867056876
s12 =  -0.6355624873395918
Global dimensionality : 2
# of batches : 4
WARNING: If using a solver that requires a Jacobian, Dirichlet BCs are being applied but multi-point constraints are NOT.
End of iteration -1 rel error 1.0, abs error 0.004443840994938329
End of iteration 0 rel error 5.896600430972105e-12, abs error 2.620355472592486e-14
Time step = 470
|R| =  2.620355472592486e-14
Cell ID =  0
e11 =  -9.863609568909311e-06
e22 =  0.00022889595382057264
e12 =  -6.838116544997529e-05
s11 =  -0.5528793975699534
s22 =  6.256323618060961
s12 =  -0.6126952424317771
Global dimensionality : 2
# of batches : 4
WARNING: If using a solver that requires a Jacobian, Dirichlet BCs are being applied but multi-point constraints are NOT.
End of iteration -1 rel error 1.0, abs error 0.004443425900761694
End of iteration 0 rel error 4.881860328773539e-12, abs error 2.1692184628773343e-14
Time step = 471
|R| =  2.1692184628773343e-14
Cell ID =  0
e11 =  -1.0745104348308372e-05
e22 =  0.00022899108235703466
e12 =  -6.582396074388512e-05
s11 =  -0.7602653295401572
s22 =  6.252116210131945
s12 =  -0.5897826882652092
Global dimensionality : 2
# of batches : 4
WARNING: If using a solver that requires a Jacobian, Dirichlet BCs are being applied but multi-point constraints are NOT.
End of iteration -1 rel error 1.0, abs error 0.004442820213534782
End of iteration 0 rel error 6.0217449325139356e-12, abs error 2.6753530106923553e-14
Time step = 472
|R| =  2.6753530106923553e-14
Cell ID =  0
e11 =  -1.170005992007004e-05
e22 =  0.0002290672458003369
e12 =  -6.343076782636885e-05
s11 =  -0.9851427585914976
s22 =  6.2468141297308755
s12 =  -0.5683396797242634
Global dimensionality : 2
# of batches : 4
WARNING: If using a solver that requires a Jacobian, Dirichlet BCs are being applied but multi-point constraints are NOT.
End of iteration -1 rel error 1.0, abs error 0.004442596272329244
End of iteration 0 rel error 5.754408074883423e-12, abs error 2.55645118629384e-14
Time step = 473
|R| =  2.55645118629384e-14
Cell ID =  0
e11 =  -1.2660887269609058e-05
e22 =  0.00022913817624105686
e12 =  -6.103501345211548e-05
s11 =  -1.2114471367173736
s22 =  6.2413217102674174
s12 =  -0.5468737205309532
Global dimensionality : 2
# of batches : 4
WARNING: If using a solver that requires a Jacobian, Dirichlet BCs are being applied but multi-point constraints are NOT.
End of iteration -1 rel error 1.0, abs error 0.004442181835299246
End of iteration 0 rel error 6.454456273998857e-12, abs error 2.867186841709098e-14
Time step = 474
|R| =  2.867186841709098e-14
Cell ID =  0
e11 =  -1.3627555717776661e-05
e22 =  0.00022920388679367138
e12 =  -5.8636814593777454e-05
s11 =  -1.439171118710663
s22 =  6.235639552611945
s12 =  -0.5253858587602445
Global dimensionality : 2
# of batches : 4
WARNING: If using a solver that requires a Jacobian, Dirichlet BCs are being applied but multi-point constraints are NOT.
End of iteration -1 rel error 1.0, abs error 0.004441577037386141
End of iteration 0 rel error 5.683936860068935e-12, abs error 2.5245643439634866e-14
Time step = 475
|R| =  2.5245643439634866e-14
Cell ID =  0
e11 =  -1.4600028638817579e-05
e22 =  0.00022926439734166583
e12 =  -5.623630333333727e-05
s11 =  -1.6683059028303109
s22 =  6.2297684910510736
s12 =  -0.5038772778667004
Global dimensionality : 2
# of batches : 4
WARNING: If using a solver that requires a Jacobian, Dirichlet BCs are being applied but multi-point constraints are NOT.
End of iteration -1 rel error 1.0, abs error 0.004441353242296253
End of iteration 0 rel error 5.728309866276765e-12, abs error 2.5441447597465924e-14
Time step = 476
|R| =  2.5441447597465924e-14
Cell ID =  0
e11 =  -1.5578392337673795e-05
e22 =  0.00022931973901062732
e12 =  -5.3833306905718976e-05
s11 =  -1.8988716244796415
s22 =  6.223708717113804
s12 =  -0.4823464298752405
Global dimensionality : 2
# of batches : 4
WARNING: If using a solver that requires a Jacobian, Dirichlet BCs are being applied but multi-point constraints are NOT.
End of iteration -1 rel error 1.0, abs error 0.004440939162729077
End of iteration 0 rel error 6.0907151501236394e-12, abs error 2.704849543921138e-14
Time step = 477
|R| =  2.704849543921138e-14
Cell ID =  0
e11 =  -1.6562609095415813e-05
e22 =  0.00022936993279338623
e12 =  -5.142795742591269e-05
s11 =  -2.1308592152081607
s22 =  6.217461104260647
s12 =  -0.46079449853617616
Global dimensionality : 2
# of batches : 4
WARNING: If using a solver that requires a Jacobian, Dirichlet BCs are being applied but multi-point constraints are NOT.
End of iteration -1 rel error 1.0, abs error 0.004440334931686884
End of iteration 0 rel error 5.428328887537999e-12, abs error 2.410359838001998e-14
Time step = 478
|R| =  2.410359838001998e-14
Cell ID =  0
e11 =  -1.7528005203765816e-05
e22 =  0.0002293993234045929
e12 =  -4.9110849886855495e-05
s11 =  -2.358564591755212
s22 =  6.210783956361576
s12 =  -0.4400332149862237
Global dimensionality : 2
# of batches : 4
WARNING: If using a solver that requires a Jacobian, Dirichlet BCs are being applied but multi-point constraints are NOT.
End of iteration -1 rel error 1.0, abs error 0.004440116239059564
End of iteration 0 rel error 6.157371613624786e-12, abs error 2.7339445691579802e-14
Time step = 479
|R| =  2.7339445691579802e-14
Cell ID =  0
e11 =  -1.849844166497253e-05
e22 =  0.000229423574103877
e12 =  -4.6793632884523974e-05
s11 =  -2.587499892762907
s22 =  6.2039254957783285
s12 =  -0.41927095064533326
Global dimensionality : 2
# of batches : 4
WARNING: If using a solver that requires a Jacobian, Dirichlet BCs are being applied but multi-point constraints are NOT.
End of iteration -1 rel error 1.0, abs error 0.004439517191630494
End of iteration 0 rel error 5.8738104466837415e-12, abs error 2.6076882458431262e-14
Time step = 480
|R| =  2.6076882458431262e-14
Cell ID =  0
e11 =  -1.947381751148322e-05
e22 =  0.00022944271208707851
e12 =  -4.447657256685401e-05
s11 =  -2.817641068430873
s22 =  6.196887258321966
s12 =  -0.3985100901990104
Global dimensionality : 2
# of batches : 4
WARNING: If using a solver that requires a Jacobian, Dirichlet BCs are being applied but multi-point constraints are NOT.
End of iteration -1 rel error 1.0, abs error 0.004439299321239347
End of iteration 0 rel error 5.9250681436773776e-12, abs error 2.6303150988523856e-14
Time step = 481
|R| =  2.6303150988523856e-14
Cell ID =  0
e11 =  -2.0454198782418634e-05
e22 =  0.00022945677002727494
e12 =  -4.215953372592538e-05
s11 =  -3.0490034573242255
s22 =  6.189669635573888
s12 =  -0.3777494221842899
Global dimensionality : 2
# of batches : 4
WARNING: If using a solver that requires a Jacobian, Dirichlet BCs are being applied but multi-point constraints are NOT.
End of iteration -1 rel error 1.0, abs error 0.0044388915944780375
End of iteration 0 rel error 5.812696314918058e-12, abs error 2.580192881354323e-14
Time step = 482
|R| =  2.580192881354323e-14
Cell ID =  0
e11 =  -2.1439526747382226e-05
e22 =  0.0002294657760950914
e12 =  -3.984267621057674e-05
s11 =  -3.2815729744203694
s22 =  6.182273862605663
s12 =  -0.3569903788467661
Global dimensionality : 2
# of batches : 4
WARNING: If using a solver that requires a Jacobian, Dirichlet BCs are being applied but multi-point constraints are NOT.
End of iteration -1 rel error 1.0, abs error 0.004438294138891188
End of iteration 0 rel error 6.515763055249573e-12, abs error 2.891887297851792e-14
Time step = 483
|R| =  2.891887297851792e-14
Cell ID =  0
e11 =  -2.242974111762719e-05
e22 =  0.0002294697596076754
e12 =  -3.752615961717372e-05
s11 =  -3.5153351578691248
s22 =  6.174701218300536
s12 =  -0.33623439016987505
Global dimensionality : 2
# of batches : 4
WARNING: If using a solver that requires a Jacobian, Dirichlet BCs are being applied but multi-point constraints are NOT.
End of iteration -1 rel error 1.0, abs error 0.004438077893404375
End of iteration 0 rel error 6.194308577880839e-12, abs error 2.7490823964418045e-14
Time step = 484
|R| =  2.7490823964418045e-14
Cell ID =  0
e11 =  -2.3424906733640406e-05
e22 =  0.00022946875346064075
e12 =  -3.520984872311319e-05
s11 =  -3.75030506150733
s22 =  6.166952109696745
s12 =  -0.3154802445590927
Global dimensionality : 2
# of batches : 4
WARNING: If using a solver that requires a Jacobian, Dirichlet BCs are being applied but multi-point constraints are NOT.
End of iteration -1 rel error 1.0, abs error 0.0044376719845167735
End of iteration 0 rel error 6.48436047171964e-12, abs error 2.8775464802858214e-14
Time step = 485
|R| =  2.8775464802858214e-14
Cell ID =  0
e11 =  -2.4424961822256157e-05
e22 =  0.00022946278786427083
e12 =  -3.289390321682814e-05
s11 =  -3.986467866078641
s22 =  6.159027851905162
s12 =  -0.29472937282277867
Global dimensionality : 2
# of batches : 4
WARNING: If using a solver that requires a Jacobian, Dirichlet BCs are being applied but multi-point constraints are NOT.
End of iteration -1 rel error 1.0, abs error 0.004437076537355948
End of iteration 0 rel error 5.882699862459245e-12, abs error 2.6101989536024976e-14
Time step = 486
|R| =  2.6101989536024976e-14
Cell ID =  0
e11 =  -2.542984309397982e-05
e22 =  0.0002294518940802681
e12 =  -3.057848238956299e-05
s11 =  -4.223808386158405
s22 =  6.150929800891085
s12 =  -0.27398320221048295
Global dimensionality : 2
# of batches : 4
WARNING: If using a solver that requires a Jacobian, Dirichlet BCs are being applied but multi-point constraints are NOT.
End of iteration -1 rel error 1.0, abs error 0.0044368623333269535
End of iteration 0 rel error 6.073134121775843e-12, abs error 2.6945660030149907e-14
Time step = 487
|R| =  2.6945660030149907e-14
Cell ID =  0
e11 =  -2.6433731319401202e-05
e22 =  0.0002294348705491941
e12 =  -2.828791133984614e-05
s11 =  -4.46096200388051
s22 =  6.142669863291795
s12 =  -0.25345968560501997
Global dimensionality : 2
# of batches : 4
WARNING: If using a solver that requires a Jacobian, Dirichlet BCs are being applied but multi-point constraints are NOT.
End of iteration -1 rel error 1.0, abs error 0.00443647012550256
End of iteration 0 rel error 5.828993637102903e-12, abs error 2.586015613275154e-14
Time step = 488
|R| =  2.586015613275154e-14
Cell ID =  0
e11 =  -2.74422428860079e-05
e22 =  0.00022941308148973413
e12 =  -2.599830080960493e-05
s11 =  -4.6992441833833265
s22 =  6.13424220656142
s12 =  -0.23294477525405874
Global dimensionality : 2
# of batches : 4
WARNING: If using a solver that requires a Jacobian, Dirichlet BCs are being applied but multi-point constraints are NOT.
End of iteration -1 rel error 1.0, abs error 0.004435888768358591
End of iteration 0 rel error 6.391213217699417e-12, abs error 2.8350710928577813e-14
Time step = 489
|R| =  2.8350710928577813e-14
Cell ID =  0
e11 =  -2.8455307580940082e-05
e22 =  0.0002293865613884853
e12 =  -2.370981288719431e-05
s11 =  -4.93863807959011
s22 =  6.12564832960513
s12 =  -0.21243992346925958
Global dimensionality : 2
# of batches : 4
WARNING: If using a solver that requires a Jacobian, Dirichlet BCs are being applied but multi-point constraints are NOT.
End of iteration -1 rel error 1.0, abs error 0.004435688857412519
End of iteration 0 rel error 5.744162856292704e-12, abs error 2.5479319176820413e-14
Time step = 490
|R| =  2.5479319176820413e-14
Cell ID =  0
e11 =  -2.9472985728844315e-05
e22 =  0.00022935534449272158
e12 =  -2.1422310877231888e-05
s11 =  -5.179157669644704
s22 =  6.116888711894893
s12 =  -0.1919439054599963
Global dimensionality : 2
# of batches : 4
WARNING: If using a solver that requires a Jacobian, Dirichlet BCs are being applied but multi-point constraints are NOT.
End of iteration -1 rel error 1.0, abs error 0.0044352998210908144
End of iteration 0 rel error 5.666881819638916e-12, abs error 2.5134319920787275e-14
Time step = 491
|R| =  2.5134319920787275e-14
Cell ID =  0
e11 =  -3.0495208049091445e-05
e22 =  0.00022931946630152153
e12 =  -1.9135949803328963e-05
s11 =  -5.420786320717681
s22 =  6.107964873115179
s12 =  -0.1714581102378261
Global dimensionality : 2
# of batches : 4
WARNING: If using a solver that requires a Jacobian, Dirichlet BCs are being applied but multi-point constraints are NOT.
End of iteration -1 rel error 1.0, abs error 0.0044347217744544806
End of iteration 0 rel error 6.0793369974055085e-12, abs error 2.696016815664093e-14
Time step = 492
|R| =  2.696016815664093e-14
Cell ID =  0
e11 =  -3.152190384382987e-05
e22 =  0.0002292789631602371
e12 =  -1.6850884074864696e-05
s11 =  -5.663507058802363
s22 =  6.098878367360185
s12 =  -0.15098392131078625
Global dimensionality : 2
# of batches : 4
WARNING: If using a solver that requires a Jacobian, Dirichlet BCs are being applied but multi-point constraints are NOT.
End of iteration -1 rel error 1.0, abs error 0.00443452519045071
End of iteration 0 rel error 6.052095155268529e-12, abs error 2.683816842104299e-14
Time step = 493
|R| =  2.683816842104299e-14
Cell ID =  0
e11 =  -3.2553132440917145e-05
e22 =  0.00022923386874372097
e12 =  -1.4566976330125019e-05
s11 =  -5.9073336301385
s22 =  6.089629665998592
s12 =  -0.13052010791791874
Global dimensionality : 2
# of batches : 4
WARNING: If using a solver that requires a Jacobian, Dirichlet BCs are being applied but multi-point constraints are NOT.
End of iteration -1 rel error 1.0, abs error 0.004433949535925215
End of iteration 0 rel error 5.9739178503913885e-12, abs error 2.6488050280398255e-14
Time step = 494
|R| =  2.6488050280398255e-14
Cell ID =  0
e11 =  -3.35887777812182e-05
e22 =  0.0002291842212904712
e12 =  -1.228447767030711e-05
s11 =  -6.152238336072565
s22 =  6.080220727450418
s12 =  -0.11006891992595028
Global dimensionality : 2
# of batches : 4
WARNING: If using a solver that requires a Jacobian, Dirichlet BCs are being applied but multi-point constraints are NOT.
End of iteration -1 rel error 1.0, abs error 0.004433755355998573
End of iteration 0 rel error 5.942776932717962e-12, abs error 2.6348819054943036e-14
Time step = 495
|R| =  2.6348819054943036e-14
Cell ID =  0
e11 =  -3.46288986794465e-05
e22 =  0.00022913005390442655
e12 =  -1.0003249962602665e-05
s11 =  -6.398234806118783
s22 =  6.070652011270271
s12 =  -0.08962911966491845
Global dimensionality : 2
# of batches : 4
WARNING: If using a solver that requires a Jacobian, Dirichlet BCs are being applied but multi-point constraints are NOT.
End of iteration -1 rel error 1.0, abs error 0.004433372317689946
End of iteration 0 rel error 5.240717132876821e-12, abs error 2.323405026173952e-14
Time step = 496
|R| =  2.323405026173952e-14
Cell ID =  0
e11 =  -3.567342142367648e-05
e22 =  0.0002290714040891481
e12 =  -7.723446270424593e-06
s11 =  -6.645305345650736
s22 =  6.060925126981998
s12 =  -0.06920207858300292
Global dimensionality : 2
# of batches : 4
WARNING: If using a solver that requires a Jacobian, Dirichlet BCs are being applied but multi-point constraints are NOT.
End of iteration -1 rel error 1.0, abs error 0.004432800530302413
End of iteration 0 rel error 6.206767305815722e-12, abs error 2.751336140468361e-14
Time step = 497
|R| =  2.751336140468361e-14
Cell ID =  0
e11 =  -3.6722271008408604e-05
e22 =  0.000229008310081483
e12 =  -5.445218802707316e-06
s11 =  -6.893431948935246
s22 =  6.051041714433795
s12 =  -0.04878916047225612
Global dimensionality : 2
# of batches : 4
WARNING: If using a solver that requires a Jacobian, Dirichlet BCs are being applied but multi-point constraints are NOT.
End of iteration -1 rel error 1.0, abs error 0.004432610216662556
End of iteration 0 rel error 6.126561349180037e-12, abs error 2.7156658429385365e-14
Time step = 498
|R| =  2.7156658429385365e-14
Cell ID =  0
e11 =  -3.7775505459808256e-05
e22 =  0.00022894080431880322
e12 =  -3.168428357199762e-06
s11 =  -7.142628064479309
s22 =  6.04100222085657
s12 =  -0.028389118080508438
Global dimensionality : 2
# of batches : 4
WARNING: If using a solver that requires a Jacobian, Dirichlet BCs are being applied but multi-point constraints are NOT.
End of iteration -1 rel error 1.0, abs error 0.004432231193358809
End of iteration 0 rel error 5.316673713016309e-12, abs error 2.3564727075741685e-14
Time step = 499
|R| =  2.3564727075741685e-14
Cell ID =  0
e11 =  -3.883304866154119e-05
e22 =  0.00022886892527824334
e12 =  -8.932263410039564e-07
s11 =  -7.392875422413435
s22 =  6.03080830136526
s12 =  -0.00800330801539402
Global dimensionality : 2
# of batches : 4
WARNING: If using a solver that requires a Jacobian, Dirichlet BCs are being applied but multi-point constraints are NOT.
End of iteration -1 rel error 1.0, abs error 0.004431663566145899
End of iteration 0 rel error 5.592867851569047e-12, abs error 2.4785708688067233e-14
Time step = 500
|R| =  2.4785708688067233e-14
Cell ID =  0
e11 =  -3.989482327523401e-05
e22 =  0.00022879271210954217
e12 =  1.380236797573456e-06
s11 =  -7.644155459121804
s22 =  6.020461639165246
s12 =  0.012366921706259595
Time used: 1458.718338251114
